domain,top_k_10_mix,top_k_15_mix,top_k_1_mix,top_k_20_mix,top_k_5_mix,vanilla_univariate
Climate,0.7805094858788387,0.7849359020657709,0.7568316453247389,0.7879668491643292,0.7633062895902485,0.7644530498915573
Cloud operations,0.6245856664918761,0.6245856664918761,0.6245856664918761,0.6245856664918761,0.6245856664918761,0.6245856664918761
Economics,0.772362352071521,0.7972058087921364,0.7537531213873133,0.8200187213452065,0.7484092529028122,0.7317152366061603
Energy,0.6377798784058717,0.6436561258828238,0.6396338984619137,0.6481679941609061,0.6350622035980406,0.654331492639942
Finance,0.8505374801160448,0.875433078578783,0.8128325449923567,0.8998603088513722,0.8102840416616762,0.7982325588415934
Healthcare,0.9894753864386986,0.9976247361433926,0.9876296948027449,0.9843243897403222,0.9662280882903603,0.9466240884123366
Industry,0.710426440733649,0.710426440733649,0.710426440733649,0.710426440733649,0.710426440733649,0.710426440733649
Sales,0.4933728469929868,0.5072585957399952,0.4973114092614441,0.5074128115388008,0.4948204455202052,0.46774628758630094
Transport,0.6759480352683375,0.6795506001138297,0.6753414930547206,0.6814731545032867,0.6749064630026309,0.6767116404488919
