frequency,horizon_steps,best_mean_loss,winners,comparable,tasks_per_model
15T,16,0.9779908592976172,"[""top_k_5_mix""]",True,3
15T,96,0.988840043539798,"[""top_k_5_mix""]",True,7
15T,288,0.988707425246818,"[""top_k_10_mix""]",True,4
5T,36,0.9962728424056422,"[""top_k_10_mix""]",True,1
5T,288,0.9794127708920527,"[""top_k_15_mix""]",True,3
5T,864,0.944439776031489,"[""top_k_15_mix""]",True,1
10T,18,0.9816976779403982,"[""scope_ridge""]",True,1
10T,144,0.9763372118925437,"[""scope_mix_per_variate""]",True,1
10T,432,0.9792285126500967,"[""top_k_20_mix""]",True,1
15T,12,0.9961729539574113,"[""top_k_20_mix""]",True,3
H,24,0.9918623245866225,"[""scope_mix_per_variate""]",True,8
H,168,0.9888037728652188,"[""top_k_20_mix""]",True,8
H,336,0.9863255874225693,"[""top_k_1_mix""]",True,4
30T,12,0.9999999850812334,"[""scope_mix""]",True,1
30T,48,0.9956366531674504,"[""top_k_20_mix""]",True,1
30T,144,0.9975526883357722,"[""top_k_5_mix""]",True,1
20T,9,0.974084479817211,"[""top_k_5_mix""]",True,1
20T,72,0.9169863685785247,"[""top_k_5_mix""]",True,1
20T,216,0.8409872915940826,"[""scope_ridge""]",True,1
D,3,0.9986322569862073,"[""scope_mix""]",True,1
D,7,0.9991955203030299,"[""scope_ridge""]",True,1
D,14,0.9975835903667284,"[""scope_mix""]",True,1
H,72,0.9896146852666738,"[""top_k_20_mix""]",True,4
5T,24,0.9848634803049461,"[""top_k_20_mix""]",True,1
5T,96,0.9433875110453834,"[""top_k_20_mix""]",True,1
15T,24,1.0,"[""vanilla_univariate"", ""scope_selector""]",True,1
15T,672,0.992806331075308,"[""top_k_1_mix""]",True,3
D,30,0.9927224388102189,"[""vanilla_multivariate""]",True,6
W,13,0.9893039752127217,"[""scope_mix_per_variate""]",True,4
B,20,0.989785865827017,"[""scope_ridge""]",True,2
M,6,0.9821613402115387,"[""scope_ridge""]",True,1
M,12,0.9833746602487614,"[""vanilla_multivariate""]",True,8
Q,4,0.9345486624101969,"[""vanilla_multivariate""]",True,2
5T,48,0.9981444632690839,"[""scope_mix""]",True,2
5T,576,0.9999938456528762,"[""scope_ridge""]",True,1
