domain,model,tasks,finite_MASE_tasks,mean_task_MASE,scaled_MASE,total_inference_seconds,timed_tasks,prediction_nan_values,prediction_values,prediction_nan_rate,total_query_retrieval_seconds,total_datastore_preprocessing_seconds,relative_improvement_percent,relative_scaled_improvement_percent,relative_tasks,mean_paired_improvement_percent,paired_percentage_tasks,reference_mean_loss,reference_total_inference_seconds
Climate,vanilla_univariate,45,45,1.0690101936699565,0.7384911149324431,0.002189651131629944,45,0,1361193,0.0,0.0,0.0,0.0,0.0,45,0.0,45,1.0690101936699565,0.002189651131629944
Climate,vanilla_multivariate,45,45,1.060042994320879,0.7327980301612322,3.180416766554117,45,0,1361193,0.0,0.0,0.0,0.838831977672061,0.7709076867812636,45,0.5820115026284296,45,1.0690101936699565,0.002189651131629944
Climate,scope_selector,45,45,1.0620361997908208,0.734182815060175,,0,0,1361193,0.0,,,0.6523786134530418,0.5833922419855031,45,0.43751652063697694,45,1.0690101936699565,0.002189651131629944
Climate,scope_selector_per_variate,45,45,1.0613175640953283,0.733815898491361,,0,0,1361193,0.0,,,0.7196030140946719,0.6330768707366041,45,0.5052309562853399,45,1.0690101936699565,0.002189651131629944
Climate,scope_mix,45,45,1.0577580795109842,0.7307803524876972,,0,0,1361193,0.0,,,1.0525731396763716,1.044123929026719,45,0.977115186605244,45,1.0690101936699565,0.002189651131629944
Climate,scope_mix_per_variate,45,45,1.0569981374856872,0.7303709617029398,,0,0,1361193,0.0,,,1.1236615193566557,1.0995600441646713,45,1.0409435674166199,45,1.0690101936699565,0.002189651131629944
Climate,scope_ridge,45,45,1.058626556057074,0.7316341384674525,,0,0,1361193,0.0,,,0.9713319549587318,0.9285117080410465,45,0.8164099404806625,45,1.0690101936699565,0.002189651131629944
Climate,top_k_1_mix,45,45,1.0600537119489388,0.7327741316996802,,0,0,1361193,0.0,,,0.8378294027552524,0.7741438071717233,45,0.7625808823526825,45,1.0690101936699565,0.002189651131629944
Climate,top_k_5_mix,45,45,1.0573129153690768,0.7306935057147982,,0,0,1361193,0.0,,,1.0942157867290803,1.05588395851699,45,1.0476361326979775,45,1.0690101936699565,0.002189651131629944
Climate,top_k_10_mix,45,45,1.0575450355519407,0.7307329464289071,,0,0,1361193,0.0,,,1.072502225507832,1.0505432423849492,45,1.0273272857011087,45,1.0690101936699565,0.002189651131629944
Climate,top_k_15_mix,45,45,1.0579074984876558,0.7307152371524183,,0,0,1361193,0.0,,,1.0385958195763045,1.0529412775313052,45,1.03699593541757,45,1.0690101936699565,0.002189651131629944
Climate,top_k_20_mix,45,45,1.0581290013710745,0.7308404957988961,,0,0,1361193,0.0,,,1.017875448084038,1.0359798484842808,45,1.0172058663155252,45,1.0690101936699565,0.002189651131629944
Finance,vanilla_univariate,6,6,2.141173022966488,0.7986080224940162,0.00019979849457740784,6,0,73456,0.0,0.0,0.0,0.0,0.0,6,0.0,6,2.141173022966488,0.00019979849457740784
Finance,vanilla_multivariate,6,6,2.10595166091084,0.7908414808657681,3.4235262386500835,6,0,73456,0.0,0.0,0.0,1.6449563710106307,0.9725098433138069,6,0.7957476315691343,6,2.141173022966488,0.00019979849457740784
Finance,scope_selector,6,6,2.1373244243400187,0.7961245253089521,,0,0,73456,0.0,,,0.17974253295688358,0.31097824152933606,6,0.2816386070728649,6,2.141173022966488,0.00019979849457740784
Finance,scope_selector_per_variate,6,6,2.13870010986172,0.7970122539219546,,0,0,73456,0.0,,,0.11549338041545454,0.1998187505151794,6,0.18096659845196114,6,2.141173022966488,0.00019979849457740784
Finance,scope_mix,6,6,2.1227401283568725,0.79420462958989,,0,0,73456,0.0,,,0.8608783321993108,0.5513835048106097,6,0.45799837113102054,6,2.141173022966488,0.00019979849457740784
Finance,scope_mix_per_variate,6,6,2.122229127193184,0.7940712835170993,,0,0,73456,0.0,,,0.8847438095898608,0.5680808167627505,6,0.4720830689160645,6,2.141173022966488,0.00019979849457740784
Finance,scope_ridge,6,6,2.1652298437471247,0.8002719499511217,,0,0,73456,0.0,,,-1.1235346477188157,-0.20835346130247956,6,-0.10756978882053292,6,2.141173022966488,0.00019979849457740784
Finance,top_k_1_mix,6,6,2.16351084494127,0.8056083525086484,,0,0,73456,0.0,,,-1.0432516071883668,-0.8765664528100459,6,-0.7984815265971519,6,2.141173022966488,0.00019979849457740784
Finance,top_k_5_mix,6,6,2.1457885518027826,0.8009388526140704,,0,0,73456,0.0,,,-0.21556075976989497,-0.2918615959773607,6,-0.1288556944304927,6,2.141173022966488,0.00019979849457740784
Finance,top_k_10_mix,6,6,2.180718844527852,0.8070374413599636,,0,0,73456,0.0,,,-1.846923211584972,-1.0555139227906407,6,-0.7339068342689381,6,2.141173022966488,0.00019979849457740784
Finance,top_k_15_mix,6,6,2.1822649206686044,0.8063479955880242,,0,0,73456,0.0,,,-1.9191301805767003,-0.96918298789892,6,-0.5973774214491393,6,2.141173022966488,0.00019979849457740784
Finance,top_k_20_mix,6,6,2.164388383832875,0.803167478480871,,0,0,73456,0.0,,,-1.0842356324022528,-0.5709253924867763,6,-0.27627378129314045,6,2.141173022966488,0.00019979849457740784
Energy,vanilla_univariate,6,6,0.6050536709931035,0.6215076514897614,0.00021748244762420654,6,0,161280,0.0,0.0,0.0,0.0,0.0,6,0.0,6,0.6050536709931035,0.00021748244762420654
Energy,vanilla_multivariate,6,6,0.6112041708560881,0.6281752621743532,0.0047142114490270615,6,0,161280,0.0,0.0,0.0,-1.0165213695653819,-1.0728123247733867,6,-0.8415504749183121,6,0.6050536709931035,0.00021748244762420654
Energy,scope_selector,6,6,0.6031321966869913,0.6196278339699738,,0,0,161280,0.0,,,0.31757088639069453,0.3024608812589258,6,0.35238425518474376,6,0.6050536709931035,0.00021748244762420654
Energy,scope_selector_per_variate,6,6,0.6044740022809888,0.6209876640063657,,0,0,161280,0.0,,,0.09580451122017664,0.08366549987747218,6,0.17382209115977357,6,0.6050536709931035,0.00021748244762420654
Energy,scope_mix,6,6,0.6038097701842561,0.6204695157114587,,0,0,161280,0.0,,,0.20558520152530457,0.16703507604681755,6,0.30096977018503335,6,0.6050536709931035,0.00021748244762420654
Energy,scope_mix_per_variate,6,6,0.6034529485778406,0.6200982497124484,,0,0,161280,0.0,,,0.26455874776125654,0.2267714281448674,6,0.34960322996654597,6,0.6050536709931035,0.00021748244762420654
Energy,scope_ridge,6,6,0.6024320728585771,0.6189969188886787,,0,0,161280,0.0,,,0.4332835680879943,0.40397452791842703,6,0.479087489203478,6,0.6050536709931035,0.00021748244762420654
Energy,top_k_1_mix,6,6,0.5962869975355547,0.6127877916776483,,0,0,161280,0.0,,,1.4489083990118834,1.4030172904889393,6,1.3678618460006877,6,0.6050536709931035,0.00021748244762420654
Energy,top_k_5_mix,6,6,0.5921007547276811,0.6086048091554261,,0,0,161280,0.0,,,2.140787980702963,2.0760552671245436,6,2.077242597846031,6,0.6050536709931035,0.00021748244762420654
Energy,top_k_10_mix,6,6,0.5884111281627119,0.6049080542199485,,0,0,161280,0.0,,,2.7505895143277725,2.6708596796875206,6,2.58239166800267,6,0.6050536709931035,0.00021748244762420654
Energy,top_k_15_mix,6,6,0.590081013522802,0.6066960382241348,,0,0,161280,0.0,,,2.4745998889199705,2.3831747252222923,6,2.3410561692552068,6,0.6050536709931035,0.00021748244762420654
Energy,top_k_20_mix,6,6,0.5892176796813627,0.6058173485664715,,0,0,161280,0.0,,,2.617287039304861,2.5245550695441987,6,2.4719306467897106,6,0.6050536709931035,0.00021748244762420654
Transport,vanilla_univariate,11,11,0.5923444973582064,0.641045927597276,0.0010225269943475723,11,0,822150,0.0,0.0,0.0,0.0,0.0,11,0.0,11,0.5923444973582064,0.0010225269943475723
Transport,vanilla_multivariate,11,11,0.593192865250092,0.6420232507304577,80.2307653222233,11,0,822150,0.0,0.0,0.0,-0.14322204319769938,-0.15245758394331066,11,-0.1299933062003973,11,0.5923444973582064,0.0010225269943475723
Transport,scope_selector,11,11,0.5923921480735516,0.6410956533634403,,0,0,822150,0.0,,,-0.008044426099629298,-0.0077569740362770645,11,-0.0069958160738282545,11,0.5923444973582064,0.0010225269943475723
Transport,scope_selector_per_variate,11,11,0.5924103268587683,0.6411176099825107,,0,0,822150,0.0,,,-0.011113380955762864,-0.011182098216178105,11,-0.009237330727515395,11,0.5923444973582064,0.0010225269943475723
Transport,scope_mix,11,11,0.5920772295709322,0.6407633932166551,,0,0,822150,0.0,,,0.045120329211489896,0.044073968565694344,11,0.03850747518915242,11,0.5923444973582064,0.0010225269943475723
Transport,scope_mix_per_variate,11,11,0.5920344137258343,0.6407140355770853,,0,0,822150,0.0,,,0.05234852923510225,0.0517735166705835,11,0.045046063061133186,11,0.5923444973582064,0.0010225269943475723
Transport,scope_ridge,11,11,0.5922096837132256,0.6409103391123178,,0,0,822150,0.0,,,0.02275933102815486,0.021151134282437756,11,0.016758523377392486,11,0.5923444973582064,0.0010225269943475723
Transport,top_k_1_mix,11,11,0.5909553919188233,0.6393793528185306,,0,0,822150,0.0,,,0.2345097229025206,0.2599774379648423,11,0.31595000063502554,11,0.5923444973582064,0.0010225269943475723
Transport,top_k_5_mix,11,11,0.5907915484281707,0.6390022027044311,,0,0,822150,0.0,,,0.26216989217620057,0.31881099385577816,11,0.3839674982476232,11,0.5923444973582064,0.0010225269943475723
Transport,top_k_10_mix,11,11,0.5918503081971686,0.640275331437035,,0,0,822150,0.0,,,0.08342934951567349,0.1202091967309249,11,0.1840726967756097,11,0.5923444973582064,0.0010225269943475723
Transport,top_k_15_mix,11,11,0.5926099680883501,0.6412349882711105,,0,0,822150,0.0,,,-0.044816948807269164,-0.029492531766495134,11,0.030021999551556953,11,0.5923444973582064,0.0010225269943475723
Transport,top_k_20_mix,11,11,0.5925205471889716,0.641155909147395,,0,0,822150,0.0,,,-0.029720851894543543,-0.017156578863430916,11,0.03014270226339458,11,0.5923444973582064,0.0010225269943475723
Healthcare,vanilla_univariate,3,3,2.4717215009862166,0.8344586567216372,5.561113357543945e-05,3,0,5100,0.0,0.0,0.0,0.0,0.0,3,0.0,3,2.4717215009862166,5.561113357543945e-05
Healthcare,vanilla_multivariate,3,3,2.46668816004083,0.8332689681917413,0.07301638461649418,3,0,5100,0.0,0.0,0.0,0.2036370579524549,0.14257009862775893,3,0.18623161481755948,3,2.4717215009862166,5.561113357543945e-05
Healthcare,scope_selector,3,3,2.466688194255598,0.8332689845541726,,0,0,5100,0.0,,,0.2036356737039502,0.14256813778389388,3,0.1862298717035582,3,2.4717215009862166,5.561113357543945e-05
Healthcare,scope_selector_per_variate,3,3,2.472173238438605,0.8345654246520989,,0,0,5100,0.0,,,-0.018276227811586665,-0.012794873610766366,3,-0.016714223154760493,3,2.4717215009862166,5.561113357543945e-05
Healthcare,scope_mix,3,3,2.4638793833715553,0.8326050899603326,,0,0,5100,0.0,,,0.31727351206567445,0.2221280522856417,3,0.29015464619193504,3,2.4717215009862166,5.561113357543945e-05
Healthcare,scope_mix_per_variate,3,3,2.4603438738062633,0.8317694334921585,,0,0,5100,0.0,,,0.46031185857361434,0.32227159582045584,3,0.4209669079606441,3,2.4717215009862166,5.561113357543945e-05
Healthcare,scope_ridge,3,3,2.463876697353035,0.8326044522533889,,0,0,5100,0.0,,,0.3173821820157241,0.22220447392001796,3,0.29025441873854474,3,2.4717215009862166,5.561113357543945e-05
Healthcare,top_k_1_mix,3,3,2.513945119737459,0.8511825232666866,,0,0,5100,0.0,,,-1.708267648049966,-2.004157594907463,3,-1.9118606626898165,3,2.4717215009862166,5.561113357543945e-05
Healthcare,top_k_5_mix,3,3,2.513928801612279,0.85453304062796,,0,0,5100,0.0,,,-1.7076074553391996,-2.4056774706118667,3,-2.1608076308688626,3,2.4717215009862166,5.561113357543945e-05
Healthcare,top_k_10_mix,3,3,2.4959177610665613,0.8499825016025394,,0,0,5100,0.0,,,-0.9789233969397682,-1.8603491923603777,3,-1.7385635486098172,3,2.4717215009862166,5.561113357543945e-05
Healthcare,top_k_15_mix,3,3,2.500309463004925,0.8541043895489536,,0,0,5100,0.0,,,-1.1566012597819864,-2.354308708893882,3,-2.137677988172537,3,2.4717215009862166,5.561113357543945e-05
Healthcare,top_k_20_mix,3,3,2.5009766246853444,0.8518521499354893,,0,0,5100,0.0,,,-1.1835930418315765,-2.084404430794251,3,-1.9815229166448587,3,2.4717215009862166,5.561113357543945e-05
Economics,vanilla_univariate,11,11,1.1204996314654778,0.7226736392237414,0.00018222816288471222,11,0,5894,0.0,0.0,0.0,0.0,0.0,11,0.0,11,1.1204996314654778,0.00018222816288471222
Economics,vanilla_multivariate,11,11,1.0892312637572579,0.7004064154049353,0.13280288316309452,11,0,5894,0.0,0.0,0.0,2.790573671793606,3.0812281796696483,11,2.2207706415221478,11,1.1204996314654778,0.00018222816288471222
Economics,scope_selector,11,11,1.124146544964203,0.721844053472427,,0,0,5894,0.0,,,-0.32547208373066017,0.11479396871394432,11,-0.3437862710732269,11,1.1204996314654778,0.00018222816288471222
Economics,scope_selector_per_variate,11,11,1.1230170179714343,0.7206245578366272,,0,0,5894,0.0,,,-0.22466642873091303,0.2835417366704118,11,-0.2177804603370751,11,1.1204996314654778,0.00018222816288471222
Economics,scope_mix,11,11,1.099217825288302,0.7069799471737149,,0,0,5894,0.0,,,1.8993139827580108,2.1716154012319855,11,1.7336781483645856,11,1.1204996314654778,0.00018222816288471222
Economics,scope_mix_per_variate,11,11,1.096290189956479,0.7069074334355505,,0,0,5894,0.0,,,2.1605934378876923,2.181649493279725,11,1.6045471197349348,11,1.1204996314654778,0.00018222816288471222
Economics,scope_ridge,11,11,1.144604229641532,0.7331550101391507,,0,0,5894,0.0,,,-2.151236600098505,-1.4503602105464752,11,-2.1373375161210397,11,1.1204996314654778,0.00018222816288471222
Economics,top_k_1_mix,11,11,1.1263303250838321,0.7260804177838278,,0,0,5894,0.0,,,-0.5203655096903903,-0.47141314905934095,11,-0.7563307778437349,11,1.1204996314654778,0.00018222816288471222
Economics,top_k_5_mix,11,11,1.1305083265075355,0.7284596210253501,,0,0,5894,0.0,,,-0.8932350141844791,-0.8006355134004606,11,-1.2160093702456087,11,1.1204996314654778,0.00018222816288471222
Economics,top_k_10_mix,11,11,1.1382962498420934,0.7316543471724738,,0,0,5894,0.0,,,-1.5882752547932366,-1.242705899495511,11,-1.5050573225535369,11,1.1204996314654778,0.00018222816288471222
Economics,top_k_15_mix,11,11,1.1393366282739643,0.731847794618108,,0,0,5894,0.0,,,-1.681124766087616,-1.2694741992002045,11,-1.5409816114725514,11,1.1204996314654778,0.00018222816288471222
Economics,top_k_20_mix,11,11,1.1373710956638639,0.7304031747754088,,0,0,5894,0.0,,,-1.505709035916425,-1.069574858157285,11,-1.2421909043164414,11,1.1204996314654778,0.00018222816288471222
Sales,vanilla_univariate,4,4,0.6500062559344392,0.4504494255542388,0.00010424293577671051,4,0,32100,0.0,0.0,0.0,0.0,0.0,4,0.0,4,0.6500062559344392,0.00010424293577671051
Sales,vanilla_multivariate,4,4,0.6505512713280388,0.45107047372658354,0.016361206769943237,4,0,32100,0.0,0.0,0.0,-0.08384771509870603,-0.13787300795879975,4,0.04629482942243579,4,0.6500062559344392,0.00010424293577671051
Sales,scope_selector,4,4,0.648856108722044,0.4496431226915975,,0,0,32100,0.0,,,0.17694402198356052,0.17899964277880986,4,0.1887009553307284,4,0.6500062559344392,0.00010424293577671051
Sales,scope_selector_per_variate,4,4,0.6513546141380605,0.45156413003815166,,0,0,32100,0.0,,,-0.2074377271466421,-0.24746495847816075,4,-0.11965202862452562,4,0.6500062559344392,0.00010424293577671051
Sales,scope_mix,4,4,0.6472560549529056,0.4484933962249006,,0,0,32100,0.0,,,0.42310377114446185,0.4342394991250109,4,0.42292302690510875,4,0.6500062559344392,0.00010424293577671051
Sales,scope_mix_per_variate,4,4,0.648220794511407,0.44922951507148023,,0,0,32100,0.0,,,0.2746837290766413,0.27082074336259865,4,0.3029597363411657,4,0.6500062559344392,0.00010424293577671051
Sales,scope_ridge,4,4,0.6474980673590222,0.44869568023699075,,0,0,32100,0.0,,,0.3858714516233763,0.38933234626511437,4,0.4031308691224478,4,0.6500062559344392,0.00010424293577671051
Sales,top_k_1_mix,4,4,0.6532433490663953,0.4531676153445213,,0,0,32100,0.0,,,-0.49800953489325117,-0.6034395064302922,4,-0.31812894794810975,4,0.6500062559344392,0.00010424293577671051
Sales,top_k_5_mix,4,4,0.6518296549882081,0.4519710766288902,,0,0,32100,0.0,,,-0.28052023147802085,-0.3378073071752974,4,-0.18435465947379825,4,0.6500062559344392,0.00010424293577671051
Sales,top_k_10_mix,4,4,0.6522023527609754,0.45212870662183546,,0,0,32100,0.0,,,-0.33785779851904785,-0.3728012452298035,4,-0.26311197404775,4,0.6500062559344392,0.00010424293577671051
Sales,top_k_15_mix,4,4,0.6516765034449223,0.4517937735030778,,0,0,32100,0.0,,,-0.25695868235637853,-0.29844592368719614,4,-0.1784938041303752,4,0.6500062559344392,0.00010424293577671051
Sales,top_k_20_mix,4,4,0.653032433288423,0.4529716440570605,,0,0,32100,0.0,,,-0.465561265965575,-0.5599337816267314,4,-0.30471144560057783,4,0.6500062559344392,0.00010424293577671051
Cloud operations,vanilla_univariate,1,1,0.6571249748882112,0.5903799985688403,7.385201752185822e-05,1,0,67392,0.0,0.0,0.0,0.0,0.0,1,0.0,1,0.6571249748882112,7.385201752185822e-05
Cloud operations,vanilla_multivariate,1,1,0.6607650521734936,0.5936503488136183,0.0014383234083652496,1,0,67392,0.0,0.0,0.0,-0.5539398781642113,-0.5539398781642113,1,-0.5539398781642113,1,0.6571249748882112,7.385201752185822e-05
Cloud operations,scope_selector,1,1,0.6571249748882112,0.5903799985688403,,0,0,67392,0.0,,,0.0,0.0,1,0.0,1,0.6571249748882112,7.385201752185822e-05
Cloud operations,scope_selector_per_variate,1,1,0.6581144388924582,0.5912689615206908,,0,0,67392,0.0,,,-0.150574706799933,-0.150574706799933,1,-0.150574706799933,1,0.6571249748882112,7.385201752185822e-05
Cloud operations,scope_mix,1,1,0.6567680812001395,0.5900593550031489,,0,0,67392,0.0,,,0.054311386982730525,0.054311386982730525,1,0.054311386982730525,1,0.6571249748882112,7.385201752185822e-05
Cloud operations,scope_mix_per_variate,1,1,0.6572350868841501,0.5904789263565352,,0,0,67392,0.0,,,-0.01675662927858035,-0.016756629278558144,1,-0.01675662927858035,1,0.6571249748882112,7.385201752185822e-05
Cloud operations,scope_ridge,1,1,0.6566860562888681,0.5899856614610532,,0,0,67392,0.0,,,0.06679377837035538,0.06679377837036649,1,0.06679377837035538,1,0.6571249748882112,7.385201752185822e-05
Cloud operations,top_k_1_mix,1,1,0.6571249748882112,0.5903799985688403,,0,0,67392,0.0,,,0.0,0.0,1,0.0,1,0.6571249748882112,7.385201752185822e-05
Cloud operations,top_k_5_mix,1,1,0.6571249748882112,0.5903799985688403,,0,0,67392,0.0,,,0.0,0.0,1,0.0,1,0.6571249748882112,7.385201752185822e-05
Cloud operations,top_k_10_mix,1,1,0.6571249748882112,0.5903799985688403,,0,0,67392,0.0,,,0.0,0.0,1,0.0,1,0.6571249748882112,7.385201752185822e-05
Cloud operations,top_k_15_mix,1,1,0.6571249748882112,0.5903799985688403,,0,0,67392,0.0,,,0.0,0.0,1,0.0,1,0.6571249748882112,7.385201752185822e-05
Cloud operations,top_k_20_mix,1,1,0.6571249748882112,0.5903799985688403,,0,0,67392,0.0,,,0.0,0.0,1,0.0,1,0.6571249748882112,7.385201752185822e-05
Industry,vanilla_univariate,3,3,0.7114176783222693,0.709797802862453,0.0001694466918706894,3,0,121950,0.0,0.0,0.0,0.0,0.0,3,0.0,3,0.7114176783222693,0.0001694466918706894
Industry,vanilla_multivariate,3,3,0.7112449102497985,0.7096253270714726,0.002537637948989868,3,0,121950,0.0,0.0,0.0,0.024285040663907242,0.02429928499141365,3,0.024277663290187917,3,0.7114176783222693,0.0001694466918706894
Industry,scope_selector,3,3,0.7112449102497985,0.7096253270714726,,0,0,121950,0.0,,,0.024285040663907242,0.02429928499141365,3,0.024277663290187917,3,0.7114176783222693,0.0001694466918706894
Industry,scope_selector_per_variate,3,3,0.7114774291009098,0.7098573642223119,,0,0,121950,0.0,,,-0.008398832424494351,-0.008391313641542553,3,-0.008400381032277101,3,0.7114176783222693,0.0001694466918706894
Industry,scope_mix,3,3,0.7112228235639092,0.7096033114937655,,0,0,121950,0.0,,,0.027389642441788542,0.027400953891809632,3,0.02738517096207242,3,0.7114176783222693,0.0001694466918706894
Industry,scope_mix_per_variate,3,3,0.7112741242387183,0.7096544070283258,,0,0,121950,0.0,,,0.02017859380295528,0.020202349676046172,3,0.02017379118756842,3,0.7114176783222693,0.0001694466918706894
Industry,scope_ridge,3,3,0.7112822856077484,0.7096624586604977,,0,0,121950,0.0,,,0.019031395851754063,0.019067993928612026,3,0.019024785307567942,3,0.7114176783222693,0.0001694466918706894
Industry,top_k_1_mix,3,3,0.7114176783222693,0.709797802862453,,0,0,121950,0.0,,,0.0,0.0,3,0.0,3,0.7114176783222693,0.0001694466918706894
Industry,top_k_5_mix,3,3,0.7114176783222693,0.709797802862453,,0,0,121950,0.0,,,0.0,0.0,3,0.0,3,0.7114176783222693,0.0001694466918706894
Industry,top_k_10_mix,3,3,0.7114176783222693,0.709797802862453,,0,0,121950,0.0,,,0.0,0.0,3,0.0,3,0.7114176783222693,0.0001694466918706894
Industry,top_k_15_mix,3,3,0.7114176783222693,0.709797802862453,,0,0,121950,0.0,,,0.0,0.0,3,0.0,3,0.7114176783222693,0.0001694466918706894
Industry,top_k_20_mix,3,3,0.7114176783222693,0.709797802862453,,0,0,121950,0.0,,,0.0,0.0,3,0.0,3,0.7114176783222693,0.0001694466918706894
