domain,scope_mix,scope_mix_per_variate,scope_ridge,scope_selector,scope_selector_per_variate,top_k_10_mix,top_k_15_mix,top_k_1_mix,top_k_20_mix,top_k_5_mix,vanilla_multivariate,vanilla_univariate
Climate,0.977115186605244,1.0409435674166199,0.8164099404806625,0.43751652063697694,0.5052309562853399,1.0273272857011087,1.03699593541757,0.7625808823526825,1.0172058663155252,1.0476361326979775,0.5820115026284296,0.0
Cloud operations,0.054311386982730525,-0.01675662927858035,0.06679377837035538,0.0,-0.150574706799933,0.0,0.0,0.0,0.0,0.0,-0.5539398781642113,0.0
Economics,1.7336781483645856,1.6045471197349348,-2.1373375161210397,-0.3437862710732269,-0.2177804603370751,-1.5050573225535369,-1.5409816114725514,-0.7563307778437349,-1.2421909043164414,-1.2160093702456087,2.2207706415221478,0.0
Energy,0.30096977018503335,0.34960322996654597,0.479087489203478,0.35238425518474376,0.17382209115977357,2.58239166800267,2.3410561692552068,1.3678618460006877,2.4719306467897106,2.077242597846031,-0.8415504749183121,0.0
Finance,0.45799837113102054,0.4720830689160645,-0.10756978882053292,0.2816386070728649,0.18096659845196114,-0.7339068342689381,-0.5973774214491393,-0.7984815265971519,-0.27627378129314045,-0.1288556944304927,0.7957476315691343,0.0
Healthcare,0.29015464619193504,0.4209669079606441,0.29025441873854474,0.1862298717035582,-0.016714223154760493,-1.7385635486098172,-2.137677988172537,-1.9118606626898165,-1.9815229166448587,-2.1608076308688626,0.18623161481755948,0.0
Industry,0.02738517096207242,0.02017379118756842,0.019024785307567942,0.024277663290187917,-0.008400381032277101,0.0,0.0,0.0,0.0,0.0,0.024277663290187917,0.0
Sales,0.42292302690510875,0.3029597363411657,0.4031308691224478,0.1887009553307284,-0.11965202862452562,-0.26311197404775,-0.1784938041303752,-0.31812894794810975,-0.30471144560057783,-0.18435465947379825,0.04629482942243579,0.0
Transport,0.03850747518915242,0.045046063061133186,0.016758523377392486,-0.0069958160738282545,-0.009237330727515395,0.1840726967756097,0.030021999551556953,0.31595000063502554,0.03014270226339458,0.3839674982476232,-0.1299933062003973,0.0
