model,tasks,finite_MASE_tasks,mean_task_MASE,scaled_MASE,total_inference_seconds,timed_tasks,prediction_nan_values,prediction_values,prediction_nan_rate,total_query_retrieval_seconds,total_datastore_preprocessing_seconds,relative_improvement_percent,relative_scaled_improvement_percent,relative_tasks,mean_paired_improvement_percent,paired_percentage_tasks,reference_mean_loss,reference_total_inference_seconds
vanilla_univariate,90,90,1.0692296870279727,0.7086517392270206,0.00421484000980854,90,0,2650515,0.0,0.0,0.0,0.0,0.0,90,0.0,90,1.0692296870279727,0.00421484000980854
vanilla_multivariate,90,90,1.0589811611386613,0.7031483696943899,87.06557897478342,90,0,2650515,0.0,0.0,0.0,0.95849619718269,0.7765971954903694,90,0.5464113168952477,90,1.0692296870279727,0.00421484000980854
scope_selector,90,90,1.0655849229272985,0.7060301448087571,,0,0,2650515,0.0,,,0.3408775630618033,0.36994115348154555,90,0.23355671188773514,90,1.0692296870279727,0.00421484000980854
scope_selector_per_variate,90,90,1.0655835638704612,0.705996362599869,,0,0,2650515,0.0,,,0.34100466922558637,0.37470826361734044,90,0.24069336483267847,90,1.0692296870279727,0.00421484000980854
scope_mix,90,90,1.059263972161231,0.702322173581262,,0,0,2650515,0.0,,,0.9320462186606981,0.8931842392234435,90,0.7857406338920956,90,1.0692296870279727,0.00421484000980854
scope_mix_per_variate,90,90,1.0583950171228023,0.7020801682594722,,0,0,2650515,0.0,,,1.013315477171839,0.9273343454595295,90,0.8048511972370114,90,1.0692296870279727,0.00421484000980854
scope_ridge,90,90,1.0680141649301353,0.7062826377887887,,0,0,2650515,0.0,,,0.11368203788056919,0.33431110192659874,90,0.2027593274527316,90,1.0692296870279727,0.00421484000980854
top_k_1_mix,90,90,1.0677503749436155,0.7065695745173741,,0,0,2650515,0.0,,,0.13835306878442477,0.2938205883637135,90,0.2875570588126026,90,1.0692296870279727,0.00421484000980854
top_k_5_mix,90,90,1.0653466521080965,0.7052422958262903,,0,0,2650515,0.0,,,0.3631619068368286,0.4811169170979901,90,0.47179605854913986,90,1.0692296870279727,0.00421484000980854
top_k_10_mix,90,90,1.0680428808723466,0.7058235307326227,,0,0,2650515,0.0,,,0.11099637150226993,0.39909709351491074,90,0.40579630481527373,90,1.0692296870279727,0.00421484000980854
top_k_15_mix,90,90,1.068781533441421,0.7061513572925394,,0,0,2650515,0.0,,,0.04191368720759536,0.35283649161836905,90,0.37088138520507796,90,1.0692296870279727,0.00421484000980854
top_k_20_mix,90,90,1.067474301458108,0.7057344181064015,,0,0,2650515,0.0,,,0.164172917303107,0.4116720469495072,90,0.4272473380250851,90,1.0692296870279727,0.00421484000980854
