dataset,term,method,report_label,inference_seconds,query_retrieval_seconds,datastore_preprocessing_seconds,timing_policy,fallback_count,alternative,alternative_weight,grid_rows,prediction_nan_values,produced_nan_values,prediction_values,prediction_nan_rate,retrieval_extractions,retrieved_neighbors,same_user_neighbors,same_user_retrieval_percentage,normalized_time_distance_sum,average_normalized_time_distance_to_query,fallback_rate,MSE_mean,MSE_variance,MSE_std,MSE_dispersion_ddof,MSE_finite_values,MSE_evaluation_values,MSE_total_values,MAE_mean,MAE_variance,MAE_std,MAE_dispersion_ddof,MAE_finite_values,MAE_evaluation_values,MAE_total_values,RMSE_mean,RMSE_variance,RMSE_std,RMSE_dispersion_ddof,RMSE_finite_values,RMSE_evaluation_values,RMSE_total_values,MAPE_mean,MAPE_variance,MAPE_std,MAPE_dispersion_ddof,MAPE_finite_values,MAPE_evaluation_values,MAPE_total_values,sMAPE_mean,sMAPE_variance,sMAPE_std,sMAPE_dispersion_ddof,sMAPE_finite_values,sMAPE_evaluation_values,sMAPE_total_values,MASE_mean,MASE_variance,MASE_std,MASE_dispersion_ddof,MASE_finite_values,MASE_evaluation_values,MASE_total_values,ND_mean,ND_variance,ND_std,ND_dispersion_ddof,ND_finite_values,ND_evaluation_values,ND_total_values,CRPS_mean,CRPS_variance,CRPS_std,CRPS_dispersion_ddof,CRPS_finite_values,CRPS_evaluation_values,CRPS_total_values,seasonal_MASE_mean,seasonal_MASE_variance,scaled_MASE_mean,scaled_MASE_std,scaled_MASE_variance,MASE_variance_ratio_to_seasonal
Water_Quality_Darwin/15T,short,vanilla_univariate,vanilla_univariate,0.00027189217507839203,0.0,0.0,measured_candidate_query_loop_precomputed_vanilla_fallback_separate_retrieval,0.0,,,3780.0,0.0,0.0,60462.0,0.0,0.0,0.0,0.0,,0.0,,0.0,2.48605297796549,296.6890781909524,17.224664820859427,0.0,3780.0,3780.0,3780.0,0.478744442398594,1.6018863702201958,1.265656497719739,0.0,3780.0,3780.0,3780.0,0.5675718815132128,2.163915137281041,1.4710251994038175,0.0,3780.0,3780.0,3780.0,0.06043674509594588,0.015061944544184002,0.12272711413613539,0.0,3780.0,3780.0,3780.0,0.057429124519041586,0.01072440525980071,0.10355870441349056,0.0,3780.0,3780.0,3780.0,0.6716427400325539,0.7134156854278714,0.8446393818831036,0.0,3780.0,3780.0,3780.0,0.05833080131135898,0.01197019907117355,0.1094084049384395,0.0,3780.0,3780.0,3780.0,0.05833080131135898,0.01197019907117355,0.1094084049384395,0.0,3780.0,3780.0,3780.0,1.0871610587899843,1.3381496638898256,0.6177950678072444,0.776922034738065,0.603607848061535,0.5331359448643924
Water_Quality_Darwin/15T,medium,vanilla_univariate,vanilla_univariate,5.4271891713142395e-05,0.0,0.0,measured_candidate_query_loop_precomputed_vanilla_fallback_separate_retrieval,0.0,,,630.0,0.0,0.0,60462.0,0.0,0.0,0.0,0.0,,0.0,,0.0,3.7326110683231772,297.89103450508577,17.259520112247785,0.0,630.0,630.0,630.0,0.6411112673173178,1.9052870545269687,1.3803213591504584,0.0,630.0,630.0,630.0,0.8156034274292878,3.067402117488775,1.7514000449608236,0.0,630.0,630.0,630.0,0.08202536290072064,0.02157639300983445,0.14688904999976835,0.0,630.0,630.0,630.0,0.07488747823399043,0.014293957416504096,0.11955733945059206,0.0,630.0,630.0,630.0,0.936617812198225,0.7119857885668047,0.8437925032653494,0.0,630.0,630.0,630.0,0.07504074481505528,0.015047328951203112,0.12266755459861059,0.0,630.0,630.0,630.0,0.07504074481505528,0.015047328951203112,0.12266755459861059,0.0,630.0,630.0,630.0,1.0892248555624096,0.8662032158339698,0.859893902911913,0.7746724645111649,0.6001174272718021,0.8219616084908131
Water_Quality_Darwin/15T,long,vanilla_univariate,vanilla_univariate,2.3806467652320862e-05,0.0,0.0,measured_candidate_query_loop_precomputed_vanilla_fallback_separate_retrieval,0.0,,,210.0,0.0,0.0,60462.0,0.0,0.0,0.0,0.0,,0.0,,0.0,8.627233760262547,1972.3585122911056,44.4112430842811,0.0,210.0,210.0,210.0,0.9885113664828227,4.592968911123995,2.143121301075605,0.0,210.0,210.0,210.0,1.2461405052917152,7.074367601333855,2.6597683360273794,0.0,210.0,210.0,210.0,0.13233977602288166,0.07462888431975502,0.27318287706178623,0.0,210.0,210.0,210.0,0.1098029584051684,0.03213645172470048,0.17926642665234468,0.0,210.0,210.0,210.0,1.4995828558644622,1.6342214055269526,1.2783666944687477,0.0,210.0,210.0,210.0,0.1118714686668627,0.03628916882122705,0.19049716223930227,0.0,210.0,210.0,210.0,0.1118714686668627,0.03628916882122705,0.19049716223930227,0.0,210.0,210.0,210.0,1.591229713377238,1.5257973604856987,0.9424050112046589,0.8033828703182853,0.6454240363208467,1.0710605797658084
current_velocity/5T,short,vanilla_univariate,vanilla_univariate,5.3899362683296204e-05,0.0,0.0,measured_candidate_query_loop_precomputed_vanilla_fallback_separate_retrieval,0.0,,,720.0,0.0,0.0,25920.0,0.0,0.0,0.0,0.0,,0.0,,0.0,3.0384207417475264,108.13580261157311,10.398836598945726,0.0,720.0,720.0,720.0,0.5638663885770425,1.8685706049483772,1.3669566946133946,0.0,720.0,720.0,720.0,0.6738370484860658,2.5843643738351143,1.6075958365942338,0.0,720.0,720.0,720.0,0.44970037138094043,0.909416066235394,0.9536330878463656,0.0,720.0,720.0,720.0,0.3493648918608535,0.25764034736258734,0.5075828477821008,0.0,720.0,720.0,720.0,0.4309424156630221,0.09657238658785193,0.3107609798347468,0.0,720.0,720.0,720.0,0.30365890063130885,0.20715067273516388,0.45513808095474045,0.0,720.0,720.0,720.0,0.30365890063130885,0.20715067273516388,0.45513808095474045,0.0,720.0,720.0,720.0,0.9105016048084428,0.38424047675878115,0.473302203298902,0.3413074487662509,0.116490774583327,0.25133319478072125
current_velocity/5T,medium,vanilla_univariate,vanilla_univariate,1.8600374460220337e-05,0.0,0.0,measured_candidate_query_loop_precomputed_vanilla_fallback_separate_retrieval,0.0,,,90.0,0.0,0.0,25920.0,0.0,0.0,0.0,0.0,,0.0,,0.0,5.510482036905696,174.1588023632973,13.196923973536306,0.0,90.0,90.0,90.0,0.8233449109664568,2.777232682397517,1.666503130029319,0.0,90.0,90.0,90.0,1.0372535587491036,4.434587091768016,2.1058459325810177,0.0,90.0,90.0,90.0,0.7173917216056565,1.8191439204183473,1.348756434801461,0.0,90.0,90.0,90.0,0.4182349571903806,0.2568655097116685,0.5068190108033326,0.0,90.0,90.0,90.0,0.7323406240134054,0.132513795625738,0.3640244437201134,0.0,90.0,90.0,90.0,0.3717323814019501,0.20744607965555342,0.45546248984472193,0.0,90.0,90.0,90.0,0.3717323814019501,0.20744607965555342,0.45546248984472193,0.0,90.0,90.0,90.0,0.9106922601897061,0.11522061713881367,0.8041581728836168,0.3997227819244709,0.15977830238943813,1.1500875356889482
current_velocity/5T,long,vanilla_univariate,vanilla_univariate,1.5310943126678467e-05,0.0,0.0,measured_candidate_query_loop_precomputed_vanilla_fallback_separate_retrieval,0.0,,,30.0,0.0,0.0,25920.0,0.0,0.0,0.0,0.0,,0.0,,0.0,7.296010841820894,346.1355658517794,18.60471891353856,0.0,30.0,30.0,30.0,0.9679379827108368,3.611302434478726,1.9003427150066186,0.0,30.0,30.0,30.0,1.2202485833805037,5.807004236578767,2.409772652467192,0.0,30.0,30.0,30.0,0.9375744623925396,2.467179542874794,1.5707258013016765,0.0,30.0,30.0,30.0,0.5433952241101196,0.3894224332324423,0.6240372050065944,0.0,30.0,30.0,30.0,1.0664668009130953,0.386917247606655,0.6220267257977385,0.0,30.0,30.0,30.0,0.4726827248117487,0.34212021280580107,0.5849104314386956,0.0,30.0,30.0,30.0,0.4726827248117487,0.34212021280580107,0.5849104314386956,0.0,30.0,30.0,30.0,1.0927077660320532,0.29190573790947194,0.9759853769372879,0.5692525898818332,0.32404851108717464,1.3254869547190908
current_velocity/10T,short,vanilla_univariate,vanilla_univariate,0.00030231475830078125,0.0,0.0,measured_candidate_query_loop_precomputed_vanilla_fallback_separate_retrieval,0.0,,,7200.0,0.0,0.0,129576.0,0.0,0.0,0.0,0.0,,0.0,,0.0,7.960207745703465,1783.8633533142045,42.2358065308833,0.0,7200.0,7200.0,7200.0,0.7883951194966746,4.473547840502112,2.1150763202546883,0.0,7200.0,7200.0,7200.0,0.984190493959545,6.991576817303131,2.644159000004185,0.0,7200.0,7200.0,7200.0,3153.9640396047807,8353215445.52514,91395.92685412813,0.0,7200.0,7200.0,7200.0,0.47703724781031004,0.371531009958653,0.6095334362925902,0.0,7200.0,7200.0,7200.0,0.6437833307149723,0.17225345794904917,0.4150342852693608,0.0,7200.0,7200.0,7200.0,0.36644165863063544,0.23314341446949224,0.48284926682091195,0.0,7200.0,7200.0,7200.0,0.36644165863063544,0.23314341446949224,0.48284926682091195,0.0,7200.0,7200.0,7200.0,1.042604019237951,0.4807344590412708,0.6174763561582273,0.3980747029660534,0.15846346914151163,0.3583131075990983
current_velocity/10T,medium,vanilla_univariate,vanilla_univariate,5.370005965232849e-05,0.0,0.0,measured_candidate_query_loop_precomputed_vanilla_fallback_separate_retrieval,0.0,,,900.0,0.0,0.0,129576.0,0.0,0.0,0.0,0.0,,0.0,,0.0,11.358560022327529,1631.485511973286,40.39165151331753,0.0,900.0,900.0,900.0,1.0474034254079927,5.380739951363656,2.3196422033071515,0.0,900.0,900.0,900.0,1.3689052436151292,9.484658456330532,3.079717268895074,0.0,900.0,900.0,900.0,3522.4398785738317,2300068805.368795,47959.03257332027,0.0,900.0,900.0,900.0,0.5790181707929867,0.38442777916002113,0.6200224021436815,0.0,900.0,900.0,900.0,1.002804817780753,0.2282875895380692,0.4777945055545001,0.0,900.0,900.0,900.0,0.40625033727492854,0.18173834682386192,0.42630780760368664,0.0,900.0,900.0,900.0,0.40625033727492854,0.18173834682386192,0.42630780760368664,0.0,900.0,900.0,900.0,1.0437112263446233,0.25305105017876023,0.9608067753499822,0.4577841969065273,0.20956637093735414,0.9021404549667048
current_velocity/10T,long,vanilla_univariate,vanilla_univariate,3.0061230063438416e-05,0.0,0.0,measured_candidate_query_loop_precomputed_vanilla_fallback_separate_retrieval,0.0,,,300.0,0.0,0.0,129576.0,0.0,0.0,0.0,0.0,,0.0,,0.0,15.109273682335616,2426.773480388818,49.26229268303312,0.0,300.0,300.0,300.0,1.2841880566778439,7.606183233223883,2.7579309696263037,0.0,300.0,300.0,300.0,1.6389145126370186,12.423232902603377,3.5246606790730053,0.0,300.0,300.0,300.0,3748.833086702083,1812989633.9677503,42579.215985827526,0.0,300.0,300.0,300.0,0.6637212581522034,0.45657690978817284,0.675704750455532,0.0,300.0,300.0,300.0,1.3770165825586909,0.8212001566639012,0.9062009471766741,0.0,300.0,300.0,300.0,0.4700300800351066,0.21923914043040837,0.4682297944710571,0.0,300.0,300.0,300.0,0.4700300800351066,0.21923914043040837,0.4682297944710571,0.0,300.0,300.0,300.0,1.437499922931037,0.6433695275713929,0.9579246305286601,0.6304006927033056,0.3974050333608075,1.2764051163004064
current_velocity/15T,short,vanilla_univariate,vanilla_univariate,0.00017671287059783936,0.0,0.0,measured_candidate_query_loop_precomputed_vanilla_fallback_separate_retrieval,0.0,,,3600.0,0.0,0.0,43200.0,0.0,0.0,0.0,0.0,,0.0,,0.0,6.1847720736200955,519.2127984900599,22.78624142964477,0.0,3600.0,3600.0,3600.0,0.7491446298869379,3.6493638991312047,1.9103308349946102,0.0,3600.0,3600.0,3600.0,0.9121203840921919,5.352808478543608,2.3136137271687356,0.0,3600.0,3600.0,3600.0,122084.32377303156,9257550489558.959,3042622.3047823333,0.0,3600.0,3600.0,3600.0,0.46844221895825894,0.325376444981032,0.5704177810877147,0.0,3600.0,3600.0,3600.0,0.5264439061535141,0.14790375669325784,0.3845825746094821,0.0,3600.0,3600.0,3600.0,0.39209183675682,0.24521638729193576,0.4951932827613232,0.0,3600.0,3600.0,3600.0,0.39209183675682,0.24521638729193576,0.4951932827613232,0.0,3600.0,3600.0,3600.0,0.9913714905166404,0.453088957404636,0.5310258678905166,0.3879298308337088,0.15048955365066993,0.3264342559581976
current_velocity/15T,medium,vanilla_univariate,vanilla_univariate,3.619864583015442e-05,0.0,0.0,measured_candidate_query_loop_precomputed_vanilla_fallback_separate_retrieval,0.0,,,450.0,0.0,0.0,43200.0,0.0,0.0,0.0,0.0,,0.0,,0.0,9.151213533234534,727.1090150746433,26.96495902230603,0.0,450.0,450.0,450.0,0.9650126864630756,4.963568458950676,2.2279067437733286,0.0,450.0,450.0,450.0,1.2223704967240616,7.657023901973104,2.7671327944233366,0.0,450.0,450.0,450.0,139731.8603087308,2021857215486.823,1421920.2563740425,0.0,450.0,450.0,450.0,0.5753165621670019,0.38062208794219027,0.6169457739073916,0.0,450.0,450.0,450.0,0.7820132300395952,0.17060693617285727,0.4130459250166466,0.0,450.0,450.0,450.0,0.4432093226726126,0.2256852014199715,0.47506336568922203,0.0,450.0,450.0,450.0,0.4432093226726126,0.2256852014199715,0.47506336568922203,0.0,450.0,450.0,450.0,0.9924470867542217,0.20323056826444055,0.7879646587478571,0.41618936720093064,0.1732135893711111,0.8394747779815588
current_velocity/15T,long,vanilla_univariate,vanilla_univariate,2.1880492568016052e-05,0.0,0.0,measured_candidate_query_loop_precomputed_vanilla_fallback_separate_retrieval,0.0,,,150.0,0.0,0.0,43200.0,0.0,0.0,0.0,0.0,,0.0,,0.0,10.512322479714959,878.8438656901925,29.645300904025117,0.0,150.0,150.0,150.0,1.0600516873382368,5.623856647320407,2.3714671929673425,0.0,150.0,150.0,150.0,1.3442091074495663,8.705424355164597,2.9504956117853482,0.0,150.0,150.0,150.0,130329.34158231305,565375921809.9315,751914.8368066237,0.0,150.0,150.0,150.0,0.5983556096815206,0.37913068177382503,0.6157358863781005,0.0,150.0,150.0,150.0,0.9309764178821907,0.22138556344006616,0.4705162732999425,0.0,150.0,150.0,150.0,0.46591840349143127,0.22847538427610492,0.47799098765155074,0.0,150.0,150.0,150.0,0.46591840349143127,0.22847538427610492,0.47799098765155074,0.0,150.0,150.0,150.0,1.1285984948447063,0.18788879728392668,0.8248960300184449,0.4169031550628507,0.1738082407013593,1.1782797412105475
current_velocity/H,short,vanilla_univariate,vanilla_univariate,0.00015603192150592804,0.0,0.0,measured_candidate_query_loop_precomputed_vanilla_fallback_separate_retrieval,0.0,,,3528.0,0.0,0.0,84672.0,0.0,0.0,0.0,0.0,,0.0,,0.0,6.728454076435626,585.5946254819374,24.199062491797847,0.0,3528.0,3528.0,3528.0,0.8328299053923002,3.6398718233998464,1.9078448111415787,0.0,3528.0,3528.0,3528.0,1.0341192494437592,5.659051454365504,2.378876090586793,0.0,3528.0,3528.0,3528.0,2160691016966.5737,1.285226998637718e+27,35850062742451.625,0.0,3528.0,3528.0,3528.0,0.4753918506493727,0.2952527311446599,0.5433716326278544,0.0,3528.0,3528.0,3528.0,0.8281138920709751,0.23441513348715237,0.48416436618895486,0.0,3528.0,3528.0,3528.0,0.36491028160067074,0.19500340283856882,0.4415918962555459,0.0,3528.0,3528.0,3528.0,0.36491028160067074,0.19500340283856882,0.4415918962555459,0.0,3528.0,3528.0,3528.0,1.0337543563683367,0.3826492950103123,0.8010741497430847,0.46835533335971974,0.21935671828649422,0.6126109117248862
current_velocity/H,medium,vanilla_univariate,vanilla_univariate,3.733113408088684e-05,0.0,0.0,measured_candidate_query_loop_precomputed_vanilla_fallback_separate_retrieval,0.0,,,504.0,0.0,0.0,84672.0,0.0,0.0,0.0,0.0,,0.0,,0.0,10.843195843338421,936.9397845466686,30.609472137667918,0.0,504.0,504.0,504.0,1.1584756723889422,5.543441430073055,2.354451407456322,0.0,504.0,504.0,504.0,1.4552588520217604,8.725417516950731,2.9538817709838576,0.0,504.0,504.0,504.0,2082794889119.6157,2.8574898687290683e+26,16904111537519.705,0.0,504.0,504.0,504.0,0.642466921927912,0.4174164483640267,0.6460777417339393,0.0,504.0,504.0,504.0,1.4834479710008108,1.0026612482726371,1.0013297400320422,0.0,504.0,504.0,504.0,0.4845014146329013,0.23412420196141165,0.4838638258450529,0.0,504.0,504.0,504.0,0.4845014146329013,0.23412420196141165,0.4838638258450529,0.0,504.0,504.0,504.0,1.8436548434542293,1.2185305146164476,0.8046234772564353,0.5431221270007209,0.2949816448377872,0.822844595392214
current_velocity/H,long,vanilla_univariate,vanilla_univariate,2.5000423192977905e-05,0.0,0.0,measured_candidate_query_loop_precomputed_vanilla_fallback_separate_retrieval,0.0,,,252.0,0.0,0.0,84672.0,0.0,0.0,0.0,0.0,,0.0,,0.0,11.803825116580771,889.9086416505174,29.83133657164086,0.0,252.0,252.0,252.0,1.2343972476249996,5.799914035554296,2.4083010682957178,0.0,252.0,252.0,252.0,1.5632188445778061,9.360171960537603,3.0594398115566195,0.0,252.0,252.0,252.0,2119241934854.881,1.155592020539896e+26,10749846606067.902,0.0,252.0,252.0,252.0,0.6645993867269635,0.43549356831833436,0.6599193650123736,0.0,252.0,252.0,252.0,1.6266933009882154,1.681651426306111,1.2967850347324767,0.0,252.0,252.0,252.0,0.4879136086450961,0.22454161175832119,0.4738582190469225,0.0,252.0,252.0,252.0,0.4879136086450961,0.22454161175832119,0.4738582190469225,0.0,252.0,252.0,252.0,1.97807318941371,1.9703509296939952,0.822362544365893,0.6555799055730778,0.42978501259120555,0.8534781296889481
CPHL/15T,short,vanilla_univariate,vanilla_univariate,2.354755997657776e-05,0.0,0.0,measured_candidate_query_loop_precomputed_vanilla_fallback_separate_retrieval,0.0,,,240.0,0.0,0.0,2875.0,0.0,0.0,0.0,0.0,,0.0,,0.0,0.06518250201055234,0.04696288008318702,0.21670920627233864,0.0,240.0,240.0,240.0,0.13870965342761743,0.029362410247487127,0.1713546329910199,0.0,240.0,240.0,240.0,0.16241370589776138,0.03880429014710781,0.19698804569594525,0.0,240.0,240.0,240.0,0.19522890434481197,0.05387294372772831,0.23210545820322345,0.0,240.0,240.0,240.0,0.18010539982937945,0.023827376715807206,0.15436118915001662,0.0,240.0,240.0,240.0,0.656110489198097,0.49622173708156037,0.7044300796257641,0.0,240.0,240.0,240.0,0.18714228383274215,0.03520628028255866,0.1876333666557168,0.0,240.0,240.0,240.0,0.18714228383274215,0.03520628028255866,0.1876333666557168,0.0,240.0,240.0,240.0,1.3686982871636935,1.2103073573379792,0.47936824013839624,0.5146715578095231,0.26488681241808126,0.4099964641816104
CPHL/15T,medium,vanilla_univariate,vanilla_univariate,1.3010576367378235e-05,0.0,0.0,measured_candidate_query_loop_precomputed_vanilla_fallback_separate_retrieval,0.0,,,30.0,0.0,0.0,2875.0,0.0,0.0,0.0,0.0,,0.0,,0.0,0.12374216343529085,0.05243778481762015,0.22899297984353179,0.0,30.0,30.0,30.0,0.216524155143082,0.026867909932367717,0.1639143371775871,0.0,30.0,30.0,30.0,0.2740136511278603,0.04865868243087012,0.22058713115426776,0.0,30.0,30.0,30.0,0.34243649300082146,0.07316173218377478,0.27048425496463707,0.0,30.0,30.0,30.0,0.29242050815838344,0.021263817715497388,0.14582118404229677,0.0,30.0,30.0,30.0,1.063731294575291,0.466697895031921,0.6831529075045506,0.0,30.0,30.0,30.0,0.29154222026375065,0.02426282043141126,0.15576527350924935,0.0,30.0,30.0,30.0,0.29154222026375065,0.02426282043141126,0.15576527350924935,0.0,30.0,30.0,30.0,1.37281934883039,0.6233469173388662,0.7748516186645863,0.49762767991766793,0.24763330782024096,0.7486968845924571
CPHL/15T,long,vanilla_univariate,vanilla_univariate,1.3180077075958252e-05,0.0,0.0,measured_candidate_query_loop_precomputed_vanilla_fallback_separate_retrieval,0.0,,,10.0,0.0,0.0,2875.0,0.0,0.0,0.0,0.0,,0.0,,0.0,0.1346447031319494,0.020961337527612447,0.14478030780327983,0.0,10.0,10.0,10.0,0.2400734503410412,0.016042245129177186,0.12665798486150484,0.0,10.0,10.0,10.0,0.31640828972035695,0.03453049732818804,0.18582383412304257,0.0,10.0,10.0,10.0,0.3809492650564644,0.03521770538211773,0.18766380946287362,0.0,10.0,10.0,10.0,0.3273499568641765,0.012892339217630725,0.1135444371936852,0.0,10.0,10.0,10.0,1.202757658522571,0.23706053555269965,0.48688862746289285,0.0,10.0,10.0,10.0,0.3301056633935952,0.014000862012244781,0.11832523827250373,0.0,10.0,10.0,10.0,0.3301056633935952,0.014000862012244781,0.11832523827250373,0.0,10.0,10.0,10.0,1.556704626979664,0.9348312901421038,0.7726306183441974,0.31276879314450273,0.09782431796506874,0.25358643645385903
CPHL/30T,short,vanilla_univariate,vanilla_univariate,2.3268163204193115e-05,0.0,0.0,measured_candidate_query_loop_precomputed_vanilla_fallback_separate_retrieval,0.0,,,240.0,0.0,0.0,2681.0,0.0,0.0,0.0,0.0,,0.0,,0.0,0.6438649789817285,0.860364226610588,0.9275582065889925,0.0,240.0,240.0,240.0,0.46575399317168403,0.2367825286407703,0.4866030503816949,0.0,240.0,240.0,240.0,0.5678855050991319,0.32137103208003254,0.5668959623070468,0.0,240.0,240.0,240.0,0.39357994008478925,0.8983899819756104,0.9478343642090692,0.0,240.0,240.0,240.0,0.2998993904851049,0.03653603050556611,0.19114400462888212,0.0,240.0,240.0,240.0,1.4040590147394727,0.9818205701074963,0.9908685937638231,0.0,240.0,240.0,240.0,0.2962398652152424,0.05053038525990475,0.224789646691979,0.0,240.0,240.0,240.0,0.2962398652152424,0.05053038525990475,0.224789646691979,0.0,240.0,240.0,240.0,1.9158052500490743,2.00872837438365,0.732881912033338,0.5172073694538845,0.26750346301740696,0.4887771699888265
CPHL/30T,medium,vanilla_univariate,vanilla_univariate,1.6439706087112427e-05,0.0,0.0,measured_candidate_query_loop_precomputed_vanilla_fallback_separate_retrieval,0.0,,,60.0,0.0,0.0,2681.0,0.0,0.0,0.0,0.0,,0.0,,0.0,0.7535943935917262,0.8897246896950588,0.9432521877499457,0.0,60.0,60.0,60.0,0.519521404171274,0.24692745088781703,0.4969179518671237,0.0,60.0,60.0,60.0,0.6372316623379859,0.34753020210569324,0.5895169226626944,0.0,60.0,60.0,60.0,0.4635155005368896,0.5120345246843454,0.7155658772498487,0.0,60.0,60.0,60.0,0.3431775492480999,0.03506658938850214,0.18726075239756498,0.0,60.0,60.0,60.0,1.5695327782076256,0.8726574775860075,0.9341613766293314,0.0,60.0,60.0,60.0,0.33596152383149946,0.05025288003393596,0.22417154153445962,0.0,60.0,60.0,60.0,0.33596152383149946,0.05025288003393596,0.22417154153445962,0.0,60.0,60.0,60.0,1.893340926882399,1.4876388063522994,0.8289752552869808,0.49339311444956413,0.2434367653862407,0.5866057499036138
CPHL/30T,long,vanilla_univariate,vanilla_univariate,1.2930482625961304e-05,0.0,0.0,measured_candidate_query_loop_precomputed_vanilla_fallback_separate_retrieval,0.0,,,20.0,0.0,0.0,2681.0,0.0,0.0,0.0,0.0,,0.0,,0.0,1.0076304961689788,1.6508290591521084,1.2848459281766467,0.0,20.0,20.0,20.0,0.6105878167010085,0.3160354925316698,0.5621703412059994,0.0,20.0,20.0,20.0,0.7452930162186022,0.4521688161447573,0.6724349902739724,0.0,20.0,20.0,20.0,0.5646402577471612,0.36018797512089934,0.600156625491129,0.0,20.0,20.0,20.0,0.4302223832299344,0.04420011247478794,0.2102382279101209,0.0,20.0,20.0,20.0,1.9159433983126628,1.0665128799406716,1.0327211046263514,0.0,20.0,20.0,20.0,0.398011092581047,0.03628566936134787,0.19048797694696604,0.0,20.0,20.0,20.0,0.398011092581047,0.03628566936134787,0.19048797694696604,0.0,20.0,20.0,20.0,2.2236567264315648,1.6073134698343936,0.8616183314352175,0.46442469844867684,0.21569030052914448,0.663537573694668
CPHL/H,short,vanilla_univariate,vanilla_univariate,1.8991529941558838e-05,0.0,0.0,measured_candidate_query_loop_precomputed_vanilla_fallback_separate_retrieval,0.0,,,112.0,0.0,0.0,2654.0,0.0,0.0,0.0,0.0,,0.0,,0.0,0.3897812161643053,0.5073854075425093,0.7123099097601474,0.0,112.0,112.0,112.0,0.3530781668710993,0.15100748100772263,0.3885968103416736,0.0,112.0,112.0,112.0,0.4288616000440636,0.2058589441719509,0.45371681054590746,0.0,112.0,112.0,112.0,0.34003440625940723,0.09271193150095915,0.30448634041769285,0.0,112.0,112.0,112.0,0.30416046188978785,0.035025859442025964,0.18715196884357366,0.0,112.0,112.0,112.0,1.316102276045098,0.7504561210340057,0.8662887053598273,0.0,112.0,112.0,112.0,0.2989914600894093,0.04632208187443031,0.21522565338367614,0.0,112.0,112.0,112.0,0.2989914600894093,0.04632208187443031,0.21522565338367614,0.0,112.0,112.0,112.0,1.5555461077967614,0.9459225828742138,0.8460708875477784,0.5569032644019907,0.31014124590159353,0.793358922411729
CPHL/H,medium,vanilla_univariate,vanilla_univariate,1.3068318367004395e-05,0.0,0.0,measured_candidate_query_loop_precomputed_vanilla_fallback_separate_retrieval,0.0,,,16.0,0.0,0.0,2654.0,0.0,0.0,0.0,0.0,,0.0,,0.0,0.5275454841940335,0.4406058108729003,0.6637814481234771,0.0,16.0,16.0,16.0,0.45781332847093753,0.13350167159715715,0.36537880562117603,0.0,16.0,16.0,16.0,0.5685782808079569,0.2042642227875015,0.4519559965168086,0.0,16.0,16.0,16.0,0.48826186910679126,0.10612083188848176,0.3257619251669565,0.0,16.0,16.0,16.0,0.43682129912566103,0.03035362383256752,0.17422291420065136,0.0,16.0,16.0,16.0,1.9464693816144993,0.7694014199957573,0.8771552998162625,0.0,16.0,16.0,16.0,0.4287559471241573,0.049419738752815426,0.2223055076978873,0.0,16.0,16.0,16.0,0.4287559471241573,0.049419738752815426,0.2223055076978873,0.0,16.0,16.0,16.0,2.2276216946589162,0.6049068284587019,0.8737881240254909,0.393763133982482,0.15504940568370607,1.2719337653307474
CPHL/H,long,vanilla_univariate,vanilla_univariate,1.3289973139762878e-05,0.0,0.0,measured_candidate_query_loop_precomputed_vanilla_fallback_separate_retrieval,0.0,,,8.0,0.0,0.0,2654.0,0.0,0.0,0.0,0.0,,0.0,,0.0,0.5424804660588955,0.40400391115119966,0.6356130199667087,0.0,8.0,8.0,8.0,0.4768431089243713,0.12106635413997964,0.3479459069165488,0.0,8.0,8.0,8.0,0.6003659323034847,0.18204121338826312,0.4266628802559031,0.0,8.0,8.0,8.0,0.5200424688236307,0.05882278475818181,0.24253408988878616,0.0,8.0,8.0,8.0,0.4744034590644533,0.025610774560458224,0.16003366695935647,0.0,8.0,8.0,8.0,2.1537965293959545,0.703093886610356,0.838506938916045,0.0,8.0,8.0,8.0,0.44877944571092643,0.024834978451781484,0.1575911750441042,0.0,8.0,8.0,8.0,0.44877944571092643,0.024834978451781484,0.1575911750441042,0.0,8.0,8.0,8.0,2.524261882033793,1.3278778683794659,0.853238146455963,0.3321790599002594,0.11034292783622013,0.5294868627251146
Coastal_T_S/15T,short,vanilla_univariate,vanilla_univariate,8.922070264816284e-05,0.0,0.0,measured_candidate_query_loop_precomputed_vanilla_fallback_separate_retrieval,0.0,,,1800.0,0.0,0.0,21600.0,0.0,0.0,0.0,0.0,,0.0,,0.0,113.62182890239428,82597.7422106264,287.3982293101793,0.0,1800.0,1800.0,1800.0,4.677803269006588,82.90467912176462,9.10520066345408,0.0,1800.0,1800.0,1800.0,4.868396978532344,89.92053976181143,9.482644133458317,0.0,1800.0,1800.0,1800.0,0.13438452714600957,0.05973452376757039,0.24440647243387476,0.0,1800.0,1800.0,1800.0,0.12001431702173568,0.04250902801171201,0.206177176262825,0.0,1800.0,1800.0,1800.0,1.1376097055054408,1.2811971962292843,1.131899817222922,0.0,1800.0,1800.0,1800.0,0.11538371177833849,0.03889426557996789,0.19721629136551547,0.0,1800.0,1800.0,1800.0,0.11538371177833849,0.03889426557996789,0.19721629136551547,0.0,1800.0,1800.0,1800.0,1.447975868226236,1.6108624064484944,0.7856551552195463,0.7817117964883588,0.6110733327690573,0.7953486226387078
Coastal_T_S/15T,medium,vanilla_univariate,vanilla_univariate,2.5289133191108704e-05,0.0,0.0,measured_candidate_query_loop_precomputed_vanilla_fallback_separate_retrieval,0.0,,,225.0,0.0,0.0,21600.0,0.0,0.0,0.0,0.0,,0.0,,0.0,111.39773674883182,75961.17400029919,275.6105476942042,0.0,225.0,225.0,225.0,4.723600201341842,82.86714467209777,9.103139275661873,0.0,225.0,225.0,225.0,4.8761037779947705,87.62134869505694,9.36062758019231,0.0,225.0,225.0,225.0,0.13850174063847448,0.06171317674924055,0.24842136934901665,0.0,225.0,225.0,225.0,0.12151690487394398,0.042700259210915116,0.20664041040153572,0.0,225.0,225.0,225.0,1.2546875781987985,1.1366914244210515,1.0661573169195302,0.0,225.0,225.0,225.0,0.1153028667104836,0.03709423395180584,0.19259863434564078,0.0,225.0,225.0,225.0,0.1153028667104836,0.03709423395180584,0.19259863434564078,0.0,225.0,225.0,225.0,1.4516859811322,1.2834579947320974,0.8642968207354607,0.7344269565019922,0.5393829544367791,0.8856475467732926
Coastal_T_S/15T,long,vanilla_univariate,vanilla_univariate,1.821853220462799e-05,0.0,0.0,measured_candidate_query_loop_precomputed_vanilla_fallback_separate_retrieval,0.0,,,75.0,0.0,0.0,21600.0,0.0,0.0,0.0,0.0,,0.0,,0.0,110.1648398382854,74898.9824438783,273.67678462719175,0.0,75.0,75.0,75.0,4.740959847856451,82.25038700111516,9.069199909645567,0.0,75.0,75.0,75.0,4.877509737779255,86.37473859615392,9.29380108438705,0.0,75.0,75.0,75.0,0.1413807196892623,0.06218515925760959,0.24936952351402045,0.0,75.0,75.0,75.0,0.12232878024151335,0.04238222867616872,0.20586944570812038,0.0,75.0,75.0,75.0,1.3758704254220318,1.115873855848828,1.0563493057927515,0.0,75.0,75.0,75.0,0.11604554963049418,0.036729370026706606,0.19164908042228276,0.0,75.0,75.0,75.0,0.11604554963049418,0.036729370026706606,0.19164908042228276,0.0,75.0,75.0,75.0,1.5935046166703226,1.3306993853637727,0.8634241853010478,0.6629094730833138,0.4394489695035967,0.8385619382726189
Coastal_T_S/20T,short,vanilla_univariate,vanilla_univariate,2.9578804969787598e-05,0.0,0.0,measured_candidate_query_loop_precomputed_vanilla_fallback_separate_retrieval,0.0,,,360.0,0.0,0.0,3240.0,0.0,0.0,0.0,0.0,,0.0,,0.0,0.014725889884639286,0.0006119140903148502,0.024736897346167935,0.0,360.0,360.0,360.0,0.08207349247402616,0.004282333045447191,0.06543953732604771,0.0,360.0,360.0,360.0,0.09507367793515667,0.005686885648521393,0.07541144242435224,0.0,360.0,360.0,360.0,0.0034930729873779284,9.538277481452775e-06,0.0030884101867227377,0.0,360.0,360.0,360.0,0.003491564614918711,9.473958108044127e-06,0.003077979549646834,0.0,360.0,360.0,360.0,0.6111656872978505,0.2774035562497185,0.5266911393309351,0.0,360.0,360.0,360.0,0.00349330575489555,9.522832382043505e-06,0.0030859086801205745,0.0,360.0,360.0,360.0,0.00349330575489555,9.522832382043505e-06,0.0030859086801205745,0.0,360.0,360.0,360.0,1.2782414293270614,1.391596656960766,0.47813008816308095,0.4120435523735255,0.16977988905259425,0.19934192487610977
Coastal_T_S/20T,medium,vanilla_univariate,vanilla_univariate,1.6732141375541687e-05,0.0,0.0,measured_candidate_query_loop_precomputed_vanilla_fallback_separate_retrieval,0.0,,,45.0,0.0,0.0,3240.0,0.0,0.0,0.0,0.0,,0.0,,0.0,0.1288242775957017,0.0206799818081336,0.1438053608462967,0.0,45.0,45.0,45.0,0.25297104105537327,0.020214863624753776,0.14217898446941368,0.0,45.0,45.0,45.0,0.31037231978660307,0.032493300705984315,0.180258982317066,0.0,45.0,45.0,45.0,0.011466499052910242,7.5043320626042e-05,0.008662754794292748,0.0,45.0,45.0,45.0,0.011443153540466882,7.412599272112403e-05,0.008609645330739475,0.0,45.0,45.0,45.0,1.7547628129002864,0.5460607419988983,0.7389592289151671,0.0,45.0,45.0,45.0,0.011433161971746486,7.421383553023329e-05,0.008614745238846781,0.0,45.0,45.0,45.0,0.011433161971746486,7.421383553023329e-05,0.008614745238846781,0.0,45.0,45.0,45.0,1.2827707713444634,0.8089647179022766,1.3679472997822761,0.576064909976604,0.3318507805063528,0.675011814377871
Coastal_T_S/20T,long,vanilla_univariate,vanilla_univariate,1.3640150427818298e-05,0.0,0.0,measured_candidate_query_loop_precomputed_vanilla_fallback_separate_retrieval,0.0,,,15.0,0.0,0.0,3240.0,0.0,0.0,0.0,0.0,,0.0,,0.0,0.20618930596914942,0.04273120234952941,0.20671526878663174,0.0,15.0,15.0,15.0,0.33114411978074065,0.030818372221353627,0.17555162266795948,0.0,15.0,15.0,15.0,0.40225000407461814,0.044384240191119154,0.21067567536647214,0.0,15.0,15.0,15.0,0.01474513457086203,9.186256109897866e-05,0.00958449587088328,0.0,15.0,15.0,15.0,0.014742661993679766,9.108928342691778e-05,0.009544070590000777,0.0,15.0,15.0,15.0,2.370452159975281,1.5234013184663666,1.2342614465608033,0.0,15.0,15.0,15.0,0.014740160860973128,9.139031318257307e-05,0.009559828093777267,0.0,15.0,15.0,15.0,0.014740160860973128,9.139031318257307e-05,0.009559828093777267,0.0,15.0,15.0,15.0,1.837785242009726,1.7356310305571765,1.289841764853358,0.6716026542965738,0.4510501252582032,0.8777218727054682
Coastal_T_S/H,short,vanilla_univariate,vanilla_univariate,9.592249989509583e-05,0.0,0.0,measured_candidate_query_loop_precomputed_vanilla_fallback_separate_retrieval,0.0,,,2016.0,0.0,0.0,48384.0,0.0,0.0,0.0,0.0,,0.0,,0.0,15.348157571378877,5517.6391748511805,74.28081296573954,0.0,2016.0,2016.0,2016.0,1.12435141582382,9.152085681218558,3.0252414252780815,0.0,2016.0,2016.0,2016.0,1.3868927886028897,13.424685964300176,3.6639713378109517,0.0,2016.0,2016.0,2016.0,0.030691886460778785,0.004693968381964295,0.0685125417858971,0.0,2016.0,2016.0,2016.0,0.028861846877891974,0.003768121664853141,0.061385028018671954,0.0,2016.0,2016.0,2016.0,0.9819445754980096,2.388194839958993,1.5453785426098658,0.0,2016.0,2016.0,2016.0,0.028531271616872852,0.0035685887045092003,0.059737665710246836,0.0,2016.0,2016.0,2016.0,0.028531271616872852,0.0035685887045092003,0.059737665710246836,0.0,2016.0,2016.0,2016.0,1.204935864293014,2.6970812724109106,0.8149351385388113,1.28254008234422,1.6449090628195182,0.8854738136326885
Coastal_T_S/H,medium,vanilla_univariate,vanilla_univariate,2.6639550924301147e-05,0.0,0.0,measured_candidate_query_loop_precomputed_vanilla_fallback_separate_retrieval,0.0,,,288.0,0.0,0.0,48384.0,0.0,0.0,0.0,0.0,,0.0,,0.0,21.911281985057716,16843.938647659925,129.78420030057558,0.0,288.0,288.0,288.0,1.4094601375569475,13.841175257194472,3.720372999740009,0.0,288.0,288.0,288.0,1.761667484973057,18.807809657446416,4.336797165817928,0.0,288.0,288.0,288.0,0.04289369620304976,0.015797617141014145,0.12568857203824915,0.0,288.0,288.0,288.0,0.037992264058532656,0.005792180691495081,0.07610637746927047,0.0,288.0,288.0,288.0,1.744121568445221,2.2703987602204223,1.5067842447478743,0.0,288.0,288.0,288.0,0.04063791095492951,0.012798436066290341,0.11313017310289214,0.0,288.0,288.0,288.0,0.04063791095492951,0.012798436066290341,0.11313017310289214,0.0,288.0,288.0,288.0,2.05499932278695,3.0797064254343613,0.8487212375719313,0.7332285845741315,0.5376241572365845,0.7372127230926583
Coastal_T_S/H,long,vanilla_univariate,vanilla_univariate,2.078711986541748e-05,0.0,0.0,measured_candidate_query_loop_precomputed_vanilla_fallback_separate_retrieval,0.0,,,144.0,0.0,0.0,48384.0,0.0,0.0,0.0,0.0,,0.0,,0.0,22.822653246499176,9697.980514115237,98.47832509803992,0.0,144.0,144.0,144.0,1.509505791962886,11.99065742687316,3.4627528682932542,0.0,144.0,144.0,144.0,1.930415904229462,19.096147683197124,4.369913921714835,0.0,144.0,144.0,144.0,0.04756687532549008,0.010306145770756722,0.10151918917503587,0.0,144.0,144.0,144.0,0.04283836078761632,0.005153424266576784,0.07178735450326042,0.0,144.0,144.0,144.0,2.403046401752879,9.504042705644373,3.082862745184153,0.0,144.0,144.0,144.0,0.04278912602811932,0.005058550794327613,0.07112348975076808,0.0,144.0,144.0,144.0,0.04278912602811932,0.005058550794327613,0.07112348975076808,0.0,144.0,144.0,144.0,2.646814492501095,9.314770885075767,0.9079013314159889,1.1647445462908192,1.3566298581142067,1.0203195358107906
SG_Weather/D,short,vanilla_univariate,vanilla_univariate,0.00013342127203941345,0.0,0.0,measured_candidate_query_loop_precomputed_vanilla_fallback_separate_retrieval,0.0,,,2862.0,0.0,0.0,8492.0,0.0,0.0,0.0,0.0,,0.0,,0.0,2187.5582649971197,48071135.4988251,6933.335092062484,0.0,2862.0,2862.0,2928.0,17.833627171111555,1387.67306207638,37.25148402515502,0.0,2862.0,2862.0,2928.0,20.50503862145548,1767.1016561297386,42.036908260833584,0.0,2862.0,2862.0,2928.0,0.39119067116194306,0.976668919202501,0.9882656116664694,0.0,2862.0,2862.0,2928.0,0.22731611581116523,0.0832831251074181,0.2885881582938186,0.0,2862.0,2862.0,2928.0,0.8705035534727462,0.31426183284191633,0.5605906107329273,0.0,2862.0,2862.0,2928.0,0.2520803288699228,0.2809841554126858,0.5300793859533549,0.0,2862.0,2862.0,2928.0,0.2520803288699228,0.2809841554126858,0.5300793859533549,0.0,2862.0,2862.0,2928.0,1.0689616504483799,0.6515856757834457,0.8143449796422634,0.5244253715722969,0.27502197034874154,0.48230316368458837
SG_Weather/D,medium,vanilla_univariate,vanilla_univariate,6.536953151226044e-05,0.0,0.0,measured_candidate_query_loop_precomputed_vanilla_fallback_separate_retrieval,0.0,,,1222.0,0.0,0.0,8444.0,0.0,0.0,0.0,0.0,,0.0,,0.0,2264.94171066044,37991810.81374669,6163.749736462918,0.0,1222.0,1222.0,1248.0,18.39027023631651,1255.7671521701704,35.43680505026053,0.0,1222.0,1222.0,1248.0,22.391991221857054,1763.5404397807163,41.99452868863653,0.0,1222.0,1222.0,1248.0,0.3958978927362152,0.6878101552298431,0.829343207140351,0.0,1222.0,1222.0,1248.0,0.23305658460015033,0.0745185011900993,0.27298077073321353,0.0,1222.0,1222.0,1248.0,0.9119706600002427,0.22898396984783803,0.4785226952275493,0.0,1222.0,1222.0,1248.0,0.23217204436105784,0.10497054864069207,0.323991587299257,0.0,1222.0,1222.0,1248.0,0.23217204436105784,0.10497054864069207,0.323991587299257,0.0,1222.0,1222.0,1248.0,1.180304070490495,0.6201815357152103,0.7726573878723118,0.4054232355808883,0.16436799994887644,0.36922087592267233
SG_Weather/D,long,vanilla_univariate,vanilla_univariate,4.0920451283454895e-05,0.0,0.0,measured_candidate_query_loop_precomputed_vanilla_fallback_separate_retrieval,0.0,,,622.0,0.0,0.0,8444.0,0.0,0.0,0.0,0.0,,0.0,,0.0,2282.6128049874796,32753775.15874761,5723.09139877633,0.0,622.0,622.0,624.0,18.543757981248167,1175.3311576673088,34.2831030927381,0.0,622.0,622.0,624.0,23.228858156044,1743.0329537538682,41.74964615124143,0.0,622.0,622.0,624.0,0.40036111873523933,0.6090527679830835,0.7804183288359413,0.0,622.0,622.0,624.0,0.23654182934943824,0.07102446180328303,0.26650414969242603,0.0,622.0,622.0,624.0,0.9297402102509469,0.1672987512658116,0.40902170023827783,0.0,622.0,622.0,624.0,0.22981726411908457,0.07511381262043192,0.274068992446121,0.0,622.0,622.0,624.0,0.22981726411908457,0.07511381262043192,0.274068992446121,0.0,622.0,622.0,624.0,1.1878086823687262,0.5518559441190071,0.7827356577297115,0.3443498151761338,0.11857679521183748,0.3031565629557373
SG_PM25/H,short,vanilla_univariate,vanilla_univariate,3.528967499732971e-05,0.0,0.0,measured_candidate_query_loop_precomputed_vanilla_fallback_separate_retrieval,0.0,,,460.0,0.0,0.0,11040.0,0.0,0.0,0.0,0.0,,0.0,,0.0,44.05980975552827,3669.2523493149974,60.57435389102386,0.0,460.0,460.0,460.0,4.737503500131592,6.6705828324856276,2.582747148383989,0.0,460.0,460.0,460.0,5.846942632353121,9.873071609499828,3.1421444284914446,0.0,460.0,460.0,460.0,0.5007095365237222,0.14041913250213878,0.3747254094695725,0.0,460.0,460.0,460.0,0.40093293433953114,0.01982764193258942,0.14081065986845392,0.0,460.0,460.0,460.0,0.9000802175033318,0.23532392413028452,0.48510197291938995,0.0,460.0,460.0,460.0,0.4028497899961734,0.04847721197078208,0.22017541182153397,0.0,460.0,460.0,460.0,0.4028497899961734,0.04847721197078208,0.22017541182153397,0.0,460.0,460.0,460.0,1.1720073818805468,0.2568254349370439,0.76798169654794,0.4139069262012826,0.17131894355739402,0.9162796675024415
SG_PM25/H,medium,vanilla_univariate,vanilla_univariate,2.0790845155715942e-05,0.0,0.0,measured_candidate_query_loop_precomputed_vanilla_fallback_separate_retrieval,0.0,,,150.0,0.0,0.0,10800.0,0.0,0.0,0.0,0.0,,0.0,,0.0,51.62393764287656,3370.9969627582814,58.06028731205419,0.0,150.0,150.0,150.0,5.128649598713274,6.365162694959268,2.522927405804469,0.0,150.0,150.0,150.0,6.5366251736092735,8.896468982614099,2.982694919466974,0.0,150.0,150.0,150.0,0.5288863703680611,0.06625194619162425,0.25739453411373026,0.0,150.0,150.0,150.0,0.42966510854204304,0.013793893793025222,0.11744740862626651,0.0,150.0,150.0,150.0,0.9729665091471766,0.21653723126179888,0.46533561142663354,0.0,150.0,150.0,150.0,0.4201946621522555,0.01704467360605372,0.1305552511623095,0.0,150.0,150.0,150.0,0.4201946621522555,0.01704467360605372,0.1305552511623095,0.0,150.0,150.0,150.0,1.1852409592075988,0.20283745879242823,0.8209018610001972,0.39260844625023505,0.15414139206702368,1.0675406433847614
SG_PM25/H,long,vanilla_univariate,vanilla_univariate,1.812167465686798e-05,0.0,0.0,measured_candidate_query_loop_precomputed_vanilla_fallback_separate_retrieval,0.0,,,65.0,0.0,0.0,10920.0,0.0,0.0,0.0,0.0,,0.0,,0.0,51.68943129485456,1252.2519078786472,35.38717151565871,0.0,65.0,65.0,65.0,5.189304746332623,2.679473318401436,1.6369096854748695,0.0,65.0,65.0,65.0,6.828829690343339,5.056516355139843,2.248669907998914,0.0,65.0,65.0,65.0,0.521632600192362,0.02541270200105554,0.1594136192458334,0.0,65.0,65.0,65.0,0.4365326513176824,0.005134030078784938,0.07165214636551329,0.0,65.0,65.0,65.0,0.9862905912465224,0.09162908325602502,0.3027029620866387,0.0,65.0,65.0,65.0,0.42443389754801375,0.005162580968105906,0.07185110276193335,0.0,65.0,65.0,65.0,0.42443389754801375,0.005162580968105906,0.07185110276193335,0.0,65.0,65.0,65.0,1.2909773955323274,0.12490674689861864,0.7639874986655603,0.23447580347587793,0.05497890241565852,0.7335799348805101
NE_China_Wind/H,short,vanilla_univariate,vanilla_univariate,2.7552247047424316e-05,0.0,0.0,measured_candidate_query_loop_precomputed_vanilla_fallback_separate_retrieval,0.0,,,120.0,0.0,0.0,2880.0,0.0,0.0,0.0,0.0,,0.0,,0.0,0.10236609543075567,0.03166360134813596,0.17794269119055145,0.0,120.0,120.0,120.0,0.21769782968783857,0.029340360020403737,0.17129027999394403,0.0,120.0,120.0,120.0,0.2546625487966686,0.03751308167114004,0.19368294109482137,0.0,120.0,120.0,120.0,0.8340838393408752,3.086476509585832,1.7568370754244207,0.0,120.0,120.0,120.0,0.49334922198980136,0.2593492177985027,0.5092634070876315,0.0,120.0,120.0,120.0,0.5332655848362043,0.16397755722088067,0.40494142443183145,0.0,120.0,120.0,120.0,0.4344991094706227,0.22204402442347518,0.47121547557723015,0.0,120.0,120.0,120.0,0.4344991094706227,0.22204402442347518,0.47121547557723015,0.0,120.0,120.0,120.0,0.8322078490336116,0.39953287968674783,0.6407841327805917,0.4865868843968047,0.2367667960669894,0.4104231855697249
NE_China_Wind/H,medium,vanilla_univariate,vanilla_univariate,1.5400350093841553e-05,0.0,0.0,measured_candidate_query_loop_precomputed_vanilla_fallback_separate_retrieval,0.0,,,40.0,0.0,0.0,2880.0,0.0,0.0,0.0,0.0,,0.0,,0.0,0.26501795908671455,0.11493899208750528,0.33902653596364,0.0,40.0,40.0,40.0,0.3702274486537337,0.059555525558768994,0.24404000811090176,0.0,40.0,40.0,40.0,0.43233927454690846,0.07810071077096745,0.2794650439159922,0.0,40.0,40.0,40.0,0.8879908514205763,1.075726838717079,1.0371725211926313,0.0,40.0,40.0,40.0,0.7225779682838567,0.2648391482113187,0.5146252502659763,0.0,40.0,40.0,40.0,0.9416772869144727,0.44952323822888396,0.6704649418343095,0.0,40.0,40.0,40.0,0.5538556634566971,0.17170291234726553,0.41437050129958036,0.0,40.0,40.0,40.0,0.5538556634566971,0.17170291234726553,0.41437050129958036,0.0,40.0,40.0,40.0,1.092497259593467,0.5857512612541707,0.861949335474657,0.6136994266546706,0.3766269862762713,0.7674302523333804
NE_China_Wind/H,long,vanilla_univariate,vanilla_univariate,1.3500452041625977e-05,0.0,0.0,measured_candidate_query_loop_precomputed_vanilla_fallback_separate_retrieval,0.0,,,16.0,0.0,0.0,2688.0,0.0,0.0,0.0,0.0,,0.0,,0.0,0.35106010456494086,0.05264602158231756,0.22944720870456795,0.0,16.0,16.0,16.0,0.4530731136675015,0.025512436168909317,0.15972612863557833,0.0,16.0,16.0,16.0,0.5547592838754156,0.04330224151897691,0.20809190642352457,0.0,16.0,16.0,16.0,1.0508513526926322,0.8306146806345485,0.9113806453038974,0.0,16.0,16.0,16.0,0.8280017513999345,0.24968224911550388,0.4996821480856644,0.0,16.0,16.0,16.0,1.2605794159420194,0.666162271514605,0.8161876447941399,0.0,16.0,16.0,16.0,0.6125341777667588,0.09400845722397672,0.30660798623645913,0.0,16.0,16.0,16.0,0.6125341777667588,0.09400845722397672,0.30660798623645913,0.0,16.0,16.0,16.0,1.3310720643183538,0.6787319478156216,0.947040697295053,0.6131806584131958,0.3759905198520403,0.981480647343226
Australia_Solar/H,short,vanilla_univariate,vanilla_univariate,2.779066562652588e-05,0.0,0.0,measured_candidate_query_loop_precomputed_vanilla_fallback_separate_retrieval,0.0,,,312.0,0.0,0.0,6271.0,0.0,0.0,0.0,0.0,,0.0,,0.0,24319664550.370846,3.553141507409618e+21,59608233553.84403,0.0,312.0,312.0,315.0,79146.92921472357,6854805116.440597,82793.7504672943,0.0,312.0,312.0,315.0,103897.67697193364,13524937270.206581,116296.76379937053,0.0,312.0,312.0,315.0,84.32508620415449,374892.26718780055,612.2844659043708,0.0,312.0,312.0,315.0,0.5580476205773874,0.07461274542664047,0.2731533368396595,0.0,312.0,312.0,315.0,1.1027190648704128,0.682107698179838,0.8258981161013979,0.0,312.0,312.0,315.0,0.33678537717794155,0.23777436428407603,0.48762112780731315,0.0,312.0,312.0,315.0,0.33678537717794155,0.23777436428407603,0.48762112780731315,0.0,312.0,312.0,315.0,1.235468758758717,0.9323109223171446,0.892551152793472,0.6684896807355799,0.44687845324995745,0.731631134905663
Australia_Solar/H,medium,vanilla_univariate,vanilla_univariate,1.8652528524398804e-05,0.0,0.0,measured_candidate_query_loop_precomputed_vanilla_fallback_separate_retrieval,0.0,,,105.0,0.0,0.0,6271.0,0.0,0.0,0.0,0.0,,0.0,,0.0,25772969698.900326,1.711184618142455e+21,41366467315.235596,0.0,105.0,105.0,105.0,82552.68429021828,4065849626.1184316,63764.015134858244,0.0,105.0,105.0,105.0,122263.73411920312,10824549018.12913,104041.09293028947,0.0,105.0,105.0,105.0,84.29859964289933,95054.34979564232,308.308854552772,0.0,105.0,105.0,105.0,0.5704756925348026,0.05724256627085321,0.23925418757224126,0.0,105.0,105.0,105.0,1.1872985525551225,0.4203066477910064,0.6483106105803038,0.0,105.0,105.0,105.0,0.30117276481889876,0.08065976920735153,0.28400663585091024,0.0,105.0,105.0,105.0,0.30117276481889876,0.08065976920735153,0.28400663585091024,0.0,105.0,105.0,105.0,1.3589947306642882,0.6875907422688505,0.8736594232229001,0.4770515999450594,0.22757822901014108,0.6112744427071779
Australia_Solar/H,long,vanilla_univariate,vanilla_univariate,1.6080215573310852e-05,0.0,0.0,measured_candidate_query_loop_precomputed_vanilla_fallback_separate_retrieval,0.0,,,45.0,0.0,0.0,6271.0,0.0,0.0,0.0,0.0,,0.0,,0.0,24593359652.99098,1.056156042476353e+21,32498554467.489056,0.0,45.0,45.0,45.0,81252.48306159645,3011817088.5369034,54880.02449468207,0.0,45.0,45.0,45.0,125718.30516024062,8788267400.627592,93745.75937410498,0.0,45.0,45.0,45.0,118.68763604987079,61825.398496033595,248.6471365128374,0.0,45.0,45.0,45.0,0.5791812290901716,0.0446424500985182,0.2112876004372197,0.0,45.0,45.0,45.0,1.201433091645914,0.3612710063923768,0.6010582387692367,0.0,45.0,45.0,45.0,0.27576046945479454,0.03129168095630467,0.17689454755956915,0.0,45.0,45.0,45.0,0.27576046945479454,0.03129168095630467,0.17689454755956915,0.0,45.0,45.0,45.0,1.2762842341465261,0.42093784470046247,0.9413522940282448,0.4709438718180006,0.22178813040292944,0.8582526160114106
epf_electricity_price/H,short,vanilla_univariate,vanilla_univariate,3.7711113691329956e-05,0.0,0.0,measured_candidate_query_loop_precomputed_vanilla_fallback_separate_retrieval,0.0,,,525.0,0.0,0.0,12600.0,0.0,0.0,0.0,0.0,,0.0,,0.0,126.75292173457245,116463.25226292576,341.2671274279516,0.0,525.0,525.0,525.0,6.28867553629602,38.952920789428525,6.241227506623078,0.0,525.0,525.0,525.0,7.88186156591133,64.62917999038226,8.039227574237605,0.0,525.0,525.0,525.0,1.194340816639778,184.15950630868053,13.570538173141127,0.0,525.0,525.0,525.0,0.16053833797009165,0.04192335613857975,0.20475193805817749,0.0,525.0,525.0,525.0,0.9865224365484573,0.7351560572362867,0.8574124195719857,0.0,525.0,525.0,525.0,0.1631083816840954,0.06046433116863871,0.24589495962430524,0.0,525.0,525.0,525.0,0.1631083816840954,0.06046433116863871,0.24589495962430524,0.0,525.0,525.0,525.0,1.4287668259022852,1.4925386582068707,0.6904712642144776,0.6001066122392072,0.3601279460532183,0.49255411455774284
epf_electricity_price/H,medium,vanilla_univariate,vanilla_univariate,2.1871179342269897e-05,0.0,0.0,measured_candidate_query_loop_precomputed_vanilla_fallback_separate_retrieval,0.0,,,175.0,0.0,0.0,12600.0,0.0,0.0,0.0,0.0,,0.0,,0.0,196.4116947688917,213583.72570078482,462.151193551185,0.0,175.0,175.0,175.0,7.84883700142659,49.060783871503226,7.004340359484484,0.0,175.0,175.0,175.0,10.306024047371976,90.1975631038822,9.497239762366863,0.0,175.0,175.0,175.0,1.6921039685285368,89.25422412394046,9.447445375546792,0.0,175.0,175.0,175.0,0.19447806637929518,0.04477454510294947,0.211599964799027,0.0,175.0,175.0,175.0,1.2501886284244879,0.9315273228992542,0.9651566312776669,0.0,175.0,175.0,175.0,0.19352433860652962,0.053903462326492846,0.23217119185310836,0.0,175.0,175.0,175.0,0.19352433860652962,0.053903462326492846,0.23217119185310836,0.0,175.0,175.0,175.0,1.8635230783637327,2.1638735496972785,0.670873703116259,0.5179204070416574,0.2682415480301961,0.43049064629010925
epf_electricity_price/H,long,vanilla_univariate,vanilla_univariate,1.8149614334106445e-05,0.0,0.0,measured_candidate_query_loop_precomputed_vanilla_fallback_separate_retrieval,0.0,,,75.0,0.0,0.0,12600.0,0.0,0.0,0.0,0.0,,0.0,,0.0,241.94964009871725,140442.18474986954,374.75616706048953,0.0,75.0,75.0,75.0,9.07359193348577,44.406005054693054,6.663783088808717,0.0,75.0,75.0,75.0,12.408978236019202,87.96689923671902,9.37906707709882,0.0,75.0,75.0,75.0,1.6788747277546505,34.130529052656414,5.842133946825973,0.0,75.0,75.0,75.0,0.22504991324307844,0.04958947419550242,0.22268694213065665,0.0,75.0,75.0,75.0,1.469630560166673,0.9418410481786074,0.9704849551531478,0.0,75.0,75.0,75.0,0.21501339958277774,0.03471673777768635,0.18632428123485772,0.0,75.0,75.0,75.0,0.21501339958277774,0.03471673777768635,0.18632428123485772,0.0,75.0,75.0,75.0,1.9954916176600113,2.061898174629208,0.7364754365092334,0.4863387781559188,0.23652540713819206,0.4567834919141819
OpenElectricity_NEM/5T,short,vanilla_univariate,vanilla_univariate,8.477270603179932e-05,0.0,0.0,measured_candidate_query_loop_precomputed_vanilla_fallback_separate_retrieval,0.0,,,1680.0,0.0,0.0,40320.0,0.0,0.0,0.0,0.0,,0.0,,0.0,14827.229370168592,1898638040.4369628,43573.36388709234,0.0,1680.0,1680.0,1680.0,64.80118449715637,7224.888576367906,84.999344564343,0.0,1680.0,1680.0,1680.0,75.21632688279809,9169.733540428659,95.7587256620965,0.0,1680.0,1680.0,1680.0,3.864448015020674,1212.5814618656009,34.822140397534454,0.0,1680.0,1680.0,1680.0,0.17719947777876427,0.09882699529800702,0.31436761171915756,0.0,1680.0,1680.0,1680.0,0.4592765393518389,0.23749256160678944,0.4873320855502841,0.0,1680.0,1680.0,1680.0,0.16867088864060564,0.0931059357635554,0.3051326527324721,0.0,1680.0,1680.0,1680.0,0.16867088864060564,0.0931059357635554,0.3051326527324721,0.0,1680.0,1680.0,1680.0,1.021668339182264,0.8538266760641295,0.4495358442050191,0.47699636649241883,0.22752553364696995,0.27815078664624876
OpenElectricity_NEM/5T,medium,vanilla_univariate,vanilla_univariate,3.366731107234955e-05,0.0,0.0,measured_candidate_query_loop_precomputed_vanilla_fallback_separate_retrieval,0.0,,,420.0,0.0,0.0,40320.0,0.0,0.0,0.0,0.0,,0.0,,0.0,64592.188409078175,42364205713.89866,205825.66825811268,0.0,420.0,420.0,420.0,121.24927354034973,30876.630020152174,175.71747215388734,0.0,420.0,420.0,420.0,148.6894673917439,42483.63069583771,206.1155760631343,0.0,420.0,420.0,420.0,6.168825939722232,1018.8877651397996,31.92002138376163,0.0,420.0,420.0,420.0,0.23853791652564316,0.0974407409355663,0.31215499505144284,0.0,420.0,420.0,420.0,0.7173457233720583,0.2099390677735109,0.45819108216279253,0.0,420.0,420.0,420.0,0.24111157495782173,0.1453868114616847,0.3812962253441341,0.0,420.0,420.0,420.0,0.24111157495782173,0.1453868114616847,0.3812962253441341,0.0,420.0,420.0,420.0,1.0220753966761364,0.5621339027558641,0.7018520607236205,0.4482947966978398,0.20096822474635748,0.3734680771685957
OpenElectricity_NEM/5T,long,vanilla_univariate,vanilla_univariate,2.0820647478103638e-05,0.0,0.0,measured_candidate_query_loop_precomputed_vanilla_fallback_separate_retrieval,0.0,,,140.0,0.0,0.0,40320.0,0.0,0.0,0.0,0.0,,0.0,,0.0,83413.19052768075,29028428308.8768,170377.31160244546,0.0,140.0,140.0,140.0,147.8149923980683,30176.033941166064,173.71250369839836,0.0,140.0,140.0,140.0,189.01125501133856,47687.9360067195,218.37567631657035,0.0,140.0,140.0,140.0,5.185987975434788,278.9544364905439,16.701929124821,0.0,140.0,140.0,140.0,0.30213684170586586,0.11944341683639048,0.3456058692157737,0.0,140.0,140.0,140.0,0.8973124209379337,0.17835874548279596,0.42232540236504357,0.0,140.0,140.0,140.0,0.2678993416427286,0.09666788548630158,0.3109145951644946,0.0,140.0,140.0,140.0,0.2678993416427286,0.09666788548630158,0.3109145951644946,0.0,140.0,140.0,140.0,1.0224745372877215,0.21617743752963614,0.8775890139212654,0.4130424641041231,0.1706040771532058,0.8250571730379792
EWELD_Load/15T,short,vanilla_univariate,vanilla_univariate,3.997981548309326e-05,0.0,0.0,measured_candidate_query_loop_precomputed_vanilla_fallback_separate_retrieval,0.0,,,560.0,0.0,0.0,13440.0,0.0,0.0,0.0,0.0,,0.0,,0.0,1147.2520594134585,8669742.993358986,2944.4427305279664,0.0,560.0,560.0,560.0,13.17297932114674,565.4403679406641,23.778990052999816,0.0,560.0,560.0,560.0,16.50281225322236,874.9092471483522,29.57886487254628,0.0,560.0,560.0,560.0,0.34573774705428195,0.48735818894830496,0.698110441798649,0.0,560.0,560.0,560.0,0.29533288229804305,0.13166643758757124,0.3628587019592768,0.0,560.0,560.0,560.0,0.570156750162608,0.2542667213479846,0.5042486701499416,0.0,560.0,560.0,560.0,0.38237970218256806,2.3976627675782503,1.5484388162204699,0.0,560.0,560.0,560.0,0.38237970218256806,2.3976627675782503,1.5484388162204699,0.0,560.0,560.0,560.0,0.9109076791493171,0.6284262662910528,0.6259215540866543,0.5535672622947385,0.3064367138844919,0.40460867883301066
EWELD_Load/15T,medium,vanilla_univariate,vanilla_univariate,2.1440908312797546e-05,0.0,0.0,measured_candidate_query_loop_precomputed_vanilla_fallback_separate_retrieval,0.0,,,140.0,0.0,0.0,13440.0,0.0,0.0,0.0,0.0,,0.0,,0.0,1284.356442478981,7943423.229937443,2818.4079246868155,0.0,140.0,140.0,140.0,14.833582012723422,557.1127677000826,23.603236381904974,0.0,140.0,140.0,140.0,19.555315396819125,901.9460822099097,30.03241718892953,0.0,140.0,140.0,140.0,0.3850340612716703,0.2805688424422504,0.5296874950782304,0.0,140.0,140.0,140.0,0.3211614656496246,0.08644125577992952,0.29400893826536895,0.0,140.0,140.0,140.0,0.6761916492113271,0.17498474157195382,0.4183117755597538,0.0,140.0,140.0,140.0,0.22551074127378523,0.030372748871823722,0.17427779225083076,0.0,140.0,140.0,140.0,0.22551074127378523,0.030372748871823722,0.17427779225083076,0.0,140.0,140.0,140.0,0.9107484734313388,0.24043824963022473,0.7424570767203215,0.4593054918705722,0.21096153486246824,0.7277741450915847
EWELD_Load/15T,long,vanilla_univariate,vanilla_univariate,1.449882984161377e-05,0.0,0.0,measured_candidate_query_loop_precomputed_vanilla_fallback_separate_retrieval,0.0,,,20.0,0.0,0.0,13440.0,0.0,0.0,0.0,0.0,,0.0,,0.0,1397.1483575554491,9508426.776674625,3083.5737021635505,0.0,20.0,20.0,20.0,15.850343250372404,597.4704863050677,24.443209410899126,0.0,20.0,20.0,20.0,21.144006310219716,950.0793547088379,30.823357291327593,0.0,20.0,20.0,20.0,0.4748356141384594,0.12247060900179654,0.3499580103409501,0.0,20.0,20.0,20.0,0.3647498239460561,0.08323666340040602,0.2885076487727943,0.0,20.0,20.0,20.0,0.7765424508227898,0.22742618756848437,0.4768922179785327,0.0,20.0,20.0,20.0,0.24261092889539224,0.019970512306038864,0.14131706303924824,0.0,20.0,20.0,20.0,0.24261092889539224,0.019970512306038864,0.14131706303924824,0.0,20.0,20.0,20.0,0.9730884442803625,0.237943187485963,0.7980183665597569,0.4900810617797578,0.2401794471151748,0.9558003739102677
SG_Carpark/15T,short,vanilla_univariate,vanilla_univariate,0.000629449263215065,0.0,0.0,measured_candidate_query_loop_precomputed_vanilla_fallback_separate_retrieval,0.0,,,14868.0,0.0,0.0,235056.0,0.0,0.0,0.0,0.0,,0.0,,0.0,220.16176201601144,3333242.754567018,1825.717052165263,0.0,14868.0,14868.0,14868.0,5.95146886910266,80.40248433975657,8.966743240427741,0.0,14868.0,14868.0,14868.0,7.433850661613344,164.89962635684228,12.841324945535888,0.0,14868.0,14868.0,14868.0,0.03748259344835173,0.02880900673937875,0.16973216177076975,0.0,14811.0,14868.0,14868.0,0.047423833334712326,0.027515788954147014,0.16587883817457552,0.0,14868.0,14868.0,14868.0,0.40722017076287736,0.23075247666793128,0.480367022877228,0.0,14868.0,14868.0,14868.0,0.037011608548234654,0.0125090982821428,0.11184408022842693,0.0,14811.0,14868.0,14868.0,0.037011608548234654,0.0125090982821428,0.11184408022842693,0.0,14811.0,14868.0,14868.0,0.9420673883040124,1.3572945477146132,0.43226225195629453,0.5099072835352304,0.2600054378022778,0.1700091384412233
SG_Carpark/15T,medium,vanilla_univariate,vanilla_univariate,0.00011799298226833344,0.0,0.0,measured_candidate_query_loop_precomputed_vanilla_fallback_separate_retrieval,0.0,,,2478.0,0.0,0.0,235056.0,0.0,0.0,0.0,0.0,,0.0,,0.0,468.24389665185294,6463484.31411617,2542.3383555530468,0.0,2478.0,2478.0,2478.0,9.227887714501982,171.25372057357978,13.086394483339548,0.0,2478.0,2478.0,2478.0,12.456673845558077,313.07517335724236,17.693930410093806,0.0,2478.0,2478.0,2478.0,0.05344690593269146,0.012024343394550373,0.10965556709328703,0.0,2472.0,2478.0,2478.0,0.06144527310858478,0.02304700482733882,0.15181240011059313,0.0,2478.0,2478.0,2478.0,0.6110573661681822,0.3443882503783051,0.586846019308562,0.0,2478.0,2478.0,2478.0,0.04948997538256137,0.008335920560902396,0.09130126264681336,0.0,2472.0,2478.0,2478.0,0.04948997538256137,0.008335920560902396,0.09130126264681336,0.0,2472.0,2478.0,2478.0,0.9472441633805834,0.6915537435383057,0.6450896081401051,0.6195298340125841,0.3838172152316601,0.4979920267892082
SG_Carpark/15T,long,vanilla_univariate,vanilla_univariate,3.311224281787872e-05,0.0,0.0,measured_candidate_query_loop_precomputed_vanilla_fallback_separate_retrieval,0.0,,,354.0,0.0,0.0,235056.0,0.0,0.0,0.0,0.0,,0.0,,0.0,999.9019347304205,9632110.864998985,3103.564219570619,0.0,354.0,354.0,354.0,15.076348570783608,319.54720939652157,17.875883457790877,0.0,354.0,354.0,354.0,20.436321122703816,582.2587137001503,24.13003758182217,0.0,354.0,354.0,354.0,0.08323955984640476,0.01673678554046156,0.12937072907138447,0.0,354.0,354.0,354.0,0.08644913719195353,0.025719494017423603,0.160372984063475,0.0,354.0,354.0,354.0,0.9706223534883668,0.8124696076574074,0.9013709600699411,0.0,354.0,354.0,354.0,0.07944655539128187,0.026575535445150265,0.16302004614509918,0.0,354.0,354.0,354.0,0.07944655539128187,0.026575535445150265,0.16302004614509918,0.0,354.0,354.0,354.0,1.307891992764626,0.6407367954972765,0.7421273001577617,0.689178437559374,0.4749669187967801,1.2680239583038913
Finland_Traffic/15T,short,vanilla_univariate,vanilla_univariate,2.102181315422058e-05,0.0,0.0,measured_candidate_query_loop_precomputed_vanilla_fallback_separate_retrieval,0.0,,,186.0,0.0,0.0,2976.0,0.0,0.0,0.0,0.0,,0.0,,0.0,886.2001009711448,2970164.6904595615,1723.4165748476373,0.0,186.0,186.0,186.0,18.31619845154465,279.80948829449943,16.72750693601708,0.0,186.0,186.0,186.0,22.28455176657045,389.5988535341869,19.738258624665626,0.0,186.0,186.0,186.0,0.2284902008618264,0.07755545681883334,0.27848780371648835,0.0,186.0,186.0,186.0,0.20338066685316156,0.026747743179122173,0.16354737288969876,0.0,186.0,186.0,186.0,0.445327653983243,0.16583568066029863,0.4072292728430738,0.0,186.0,186.0,186.0,0.2108575437554392,0.08088200226150498,0.284397612967312,0.0,186.0,186.0,186.0,0.2108575437554392,0.08088200226150498,0.284397612967312,0.0,186.0,186.0,186.0,0.7821655158923493,0.5444992622161519,0.5693521958394981,0.5206433479472412,0.271069495761712,0.3045654827617861
Finland_Traffic/15T,medium,vanilla_univariate,vanilla_univariate,1.372024416923523e-05,0.0,0.0,measured_candidate_query_loop_precomputed_vanilla_fallback_separate_retrieval,0.0,,,31.0,0.0,0.0,2976.0,0.0,0.0,0.0,0.0,,0.0,,0.0,1548.3610405211903,3295679.958448846,1815.4007707525207,0.0,31.0,31.0,31.0,24.548236423923125,173.45643707729107,13.170286142574545,0.0,31.0,31.0,31.0,34.519124063266084,356.79111442603534,18.888915120409518,0.0,31.0,31.0,31.0,0.28604502703173323,0.045923435471378615,0.21429753958311937,0.0,31.0,31.0,31.0,0.24097925119521466,0.010323964325007134,0.10160691081322733,0.0,31.0,31.0,31.0,0.5966518526730152,0.10277784918229393,0.3205898457254907,0.0,31.0,31.0,31.0,0.19710227894298823,0.0159836781367434,0.12642657211497668,0.0,31.0,31.0,31.0,0.19710227894298823,0.0159836781367434,0.12642657211497668,0.0,31.0,31.0,31.0,0.7819762468379376,0.17085736839439175,0.7630050849826767,0.40997389245754423,0.16807859249679005,0.6015418014928734
Finland_Traffic/15T,long,vanilla_univariate,vanilla_univariate,1.325272023677826e-05,0.0,0.0,measured_candidate_query_loop_precomputed_vanilla_fallback_separate_retrieval,0.0,,,4.0,0.0,0.0,2688.0,0.0,0.0,0.0,0.0,,0.0,,0.0,1905.4599112883616,1989491.2538178153,1410.4932661369976,0.0,4.0,4.0,4.0,26.23309159704617,92.32066938760087,9.608364553221369,0.0,4.0,4.0,4.0,41.05464596245414,219.9759561859099,14.831586435237124,0.0,4.0,4.0,4.0,0.3630821020998822,0.060293116264352686,0.24554656638681122,0.0,4.0,4.0,4.0,0.24598306160995176,0.00651623871411132,0.08072322289224657,0.0,4.0,4.0,4.0,0.6364014052199654,0.05577700255943535,0.23617155323924038,0.0,4.0,4.0,4.0,0.20248158764718804,0.006752438003562006,0.08217321950344897,0.0,4.0,4.0,4.0,0.20248158764718804,0.006752438003562006,0.08217321950344897,0.0,4.0,4.0,4.0,0.9356216079721509,0.018781384922048106,0.6801910086271843,0.2524220809212757,0.06371690693662707,2.969802428891004
Port_Activity/D,short,vanilla_univariate,vanilla_univariate,0.00011223182082176208,0.0,0.0,measured_candidate_query_loop_precomputed_vanilla_fallback_separate_retrieval,0.0,,,2376.0,0.0,0.0,71280.0,0.0,0.0,0.0,0.0,,0.0,,0.0,957024305.3891474,5.719010346710542e+18,2391445242.256352,0.0,2376.0,2376.0,2376.0,15456.328356915352,299873995.8893459,17316.87026830616,0.0,2376.0,2376.0,2376.0,21287.82497460812,503852813.2395982,22446.66597157801,0.0,2376.0,2376.0,2376.0,2.643022132137582,76.19423557392503,8.728930952523626,0.0,2376.0,2376.0,2376.0,0.9476363384162083,0.14680833897320514,0.38315576333027423,0.0,2376.0,2376.0,2376.0,0.662000459082709,0.05548669364243405,0.2355561369237364,0.0,2376.0,2376.0,2376.0,0.7474776528948615,0.1029641621827242,0.3208802926057071,0.0,2376.0,2376.0,2376.0,0.7474776528948615,0.1029641621827242,0.3208802926057071,0.0,2376.0,2376.0,2376.0,0.9536286637709488,0.36546784286960077,0.6941910244863553,0.24701033627939942,0.06101410622886199,0.1518237369579784
Port_Activity/W,short,vanilla_univariate,vanilla_univariate,4.76595014333725e-05,0.0,0.0,measured_candidate_query_loop_precomputed_vanilla_fallback_separate_retrieval,0.0,,,792.0,0.0,0.0,10296.0,0.0,0.0,0.0,0.0,,0.0,,0.0,5952594017.656701,2.066522338718584e+20,14375403781.17632,0.0,792.0,792.0,792.0,43928.421033454666,2070985618.3291903,45508.08299993739,0.0,792.0,792.0,792.0,53759.659941763624,3062492980.602638,55339.795632100395,0.0,792.0,792.0,792.0,0.6902523250718443,2.672825401309403,1.6348777939985004,0.0,792.0,792.0,792.0,0.34112264696845684,0.034320871541797714,0.18525893107161584,0.0,792.0,792.0,792.0,0.7834238251459267,0.09430867522486486,0.30709717554035704,0.0,792.0,792.0,792.0,0.34341283816999907,0.058656243664032895,0.2421905110941238,0.0,792.0,792.0,792.0,0.34341283816999907,0.058656243664032895,0.2421905110941238,0.0,792.0,792.0,792.0,0.9755398949343401,0.21474218187417846,0.8030669265439482,0.3147971468260932,0.0990972436498489,0.4391716355015994
ECDC_COVID/D,short,vanilla_univariate,vanilla_univariate,1.553073525428772e-05,0.0,0.0,measured_candidate_query_loop_precomputed_vanilla_fallback_separate_retrieval,0.0,,,45.0,0.0,0.0,1220.0,0.0,0.0,0.0,0.0,,0.0,,0.0,60312.64647231913,13870648774.316465,117773.71852122385,0.0,45.0,45.0,45.0,134.35654100206165,26062.628698318047,161.4392415068841,0.0,45.0,45.0,45.0,156.93515081101182,35684.00491224413,188.9021040439839,0.0,45.0,45.0,45.0,0.5012842642526475,0.29935776955887605,0.5471359699004226,0.0,45.0,45.0,45.0,0.3378354937958485,0.06424313403073366,0.25346229311424934,0.0,45.0,45.0,45.0,3.529062284006213,8.225052248128199,2.8679351889692692,0.0,45.0,45.0,45.0,0.3757188806383635,0.09307461771920102,0.30508132967981016,0.0,45.0,45.0,45.0,0.3757188806383635,0.09307461771920102,0.30508132967981016,0.0,45.0,45.0,45.0,3.5426548068444346,9.46457225161981,0.9961631816873716,0.8095440694443042,0.6553616003724446,0.8690358137126087
ECDC_COVID/W,short,vanilla_univariate,vanilla_univariate,1.5169382095336914e-05,0.0,0.0,measured_candidate_query_loop_precomputed_vanilla_fallback_separate_retrieval,0.0,,,64.0,0.0,0.0,820.0,0.0,0.0,0.0,0.0,,0.0,,0.0,3144297.2215292687,282495767317290.9,16807610.39878337,0.0,64.0,64.0,64.0,570.0965875017719,2445681.771074845,1563.8675682662024,0.0,64.0,64.0,64.0,646.4050594846145,2726457.720601961,1651.1988737284073,0.0,64.0,64.0,64.0,0.9024175470151259,3.2273221907921594,1.7964749346406588,0.0,64.0,64.0,64.0,0.5311723482368818,0.08153972448447358,0.2855516143965458,0.0,64.0,64.0,64.0,1.358214699186885,1.1631085308137377,1.0784750951291076,0.0,64.0,64.0,64.0,0.5989302851233931,0.3223612242030045,0.5677686361564933,0.0,64.0,64.0,64.0,0.5989302851233931,0.3223612242030045,0.5677686361564933,0.0,64.0,64.0,64.0,1.5433643330513203,2.5262185251337717,0.8800350442864106,0.6987819220863425,0.4882961746346832,0.4604148529676969
Global_Influenza/W,short,vanilla_univariate,vanilla_univariate,2.3288652300834656e-05,0.0,0.0,measured_candidate_query_loop_precomputed_vanilla_fallback_separate_retrieval,0.0,,,237.0,0.0,0.0,3060.0,0.0,0.0,0.0,0.0,,0.0,,0.0,4573334.8821826475,704216505917726.1,26537077.94610639,0.0,237.0,237.0,240.0,530.604437406056,2595009.859065835,1610.9034294661599,0.0,237.0,237.0,240.0,658.5584786954137,4139635.61232103,2034.6094495801965,0.0,237.0,237.0,240.0,0.7361607653250444,1.6118285265005363,1.2695780899576585,0.0,237.0,237.0,240.0,0.5172027521366934,0.17667059715106945,0.4203220160199433,0.0,237.0,237.0,240.0,2.8883879320915615,14.148267517695801,3.7614182853939284,0.0,237.0,237.0,240.0,0.529751030373907,0.3388806463535518,0.5821345603497114,0.0,237.0,237.0,240.0,0.529751030373907,0.3388806463535518,0.5821345603497114,0.0,237.0,237.0,240.0,4.230835072275004,30.38882579215142,0.6826992503251653,0.8890486679669457,0.7904075340138006,0.4655746692703705
Crypto/D,short,vanilla_univariate,vanilla_univariate,1.524016261100769e-05,0.0,0.0,measured_candidate_query_loop_precomputed_vanilla_fallback_separate_retrieval,0.0,,,36.0,0.0,0.0,1080.0,0.0,0.0,0.0,0.0,,0.0,,0.0,11710810.831226697,711560937545424.6,26675099.578922376,0.0,36.0,36.0,36.0,1443.1457545810276,6566329.091200832,2562.484944580325,0.0,36.0,36.0,36.0,1686.364978658512,8866983.989980774,2977.748140790415,0.0,36.0,36.0,36.0,0.099806562975882,0.00607554780920996,0.07794580045910081,0.0,36.0,36.0,36.0,0.10079025576810248,0.005737359527859737,0.07574535977774306,0.0,36.0,36.0,36.0,6.650599959702402,27.456395419487393,5.239885057850734,0.0,36.0,36.0,36.0,0.10105632833871259,0.006138202007692415,0.0783466783449842,0.0,36.0,36.0,36.0,0.10105632833871259,0.006138202007692415,0.0783466783449842,0.0,36.0,36.0,36.0,6.169569272851417,27.688250742146593,1.0779682771320378,0.8493113256558011,0.7213297278872144,0.9916262199147787
US_Term_Structure/B,short,vanilla_univariate,vanilla_univariate,7.141008973121643e-05,0.0,0.0,measured_candidate_query_loop_precomputed_vanilla_fallback_separate_retrieval,0.0,,,1400.0,0.0,0.0,26800.0,0.0,0.0,0.0,0.0,,0.0,,0.0,0.0235856002351032,0.0013134118400058752,0.03624102426816708,0.0,1400.0,1400.0,1400.0,0.10597238269548073,0.005647552088211165,0.07515019686076121,0.0,1400.0,1400.0,1400.0,0.1262152113376699,0.007655320662090524,0.0874946893364993,0.0,1400.0,1400.0,1400.0,1.010142455984752,40.790621429345464,6.386753590780332,0.0,1400.0,1400.0,1400.0,0.29061884742787825,0.21173563603353865,0.4601474068529982,0.0,1400.0,1400.0,1400.0,1.5723117180459338,0.8799786070187302,0.9380717493980566,0.0,1400.0,1400.0,1400.0,0.28423298467241387,0.24137701433230185,0.4913013477818902,0.0,1400.0,1400.0,1400.0,0.28423298467241387,0.24137701433230185,0.4913013477818902,0.0,1400.0,1400.0,1400.0,1.7649879489699798,1.0333743744905457,0.8908342512839882,0.5314890393135551,0.2824805989104457,0.8515583787846106
Oil_Price/B,short,vanilla_univariate,vanilla_univariate,3.254041075706482e-05,0.0,0.0,measured_candidate_query_loop_precomputed_vanilla_fallback_separate_retrieval,0.0,,,420.0,0.0,0.0,7776.0,0.0,0.0,0.0,0.0,,0.0,,0.0,3.1658609182634216,135.7464080638695,11.651026051977976,0.0,420.0,420.0,420.0,0.6828490908678891,2.0304268065382343,1.424930456737533,0.0,420.0,420.0,420.0,0.7864371904614335,2.5473774637225493,1.596050583071398,0.0,420.0,420.0,420.0,0.058957276467897494,0.0019129083565723667,0.043736807800437,0.0,420.0,420.0,420.0,0.05858939678936707,0.0018884835847556424,0.043456686306662204,0.0,420.0,420.0,420.0,1.4220399114774767,0.9656327026425922,0.9826661196167252,0.0,420.0,420.0,420.0,0.05877875465364784,0.0019315445182452491,0.04394934036188995,0.0,420.0,420.0,420.0,0.05877875465364784,0.0019315445182452491,0.04394934036188995,0.0,420.0,420.0,420.0,1.5496690109476723,1.308977194348269,0.9176410584656743,0.6341135511355379,0.40209999573372246,0.7377001729379816
Job_Claims/W,short,vanilla_univariate,vanilla_univariate,1.3360753655433655e-05,0.0,0.0,measured_candidate_query_loop_precomputed_vanilla_fallback_separate_retrieval,0.0,,,8.0,0.0,0.0,104.0,0.0,0.0,0.0,0.0,,0.0,,0.0,1472408115.295476,3.9629527669907164e+18,1990716646.5850222,0.0,8.0,8.0,8.0,25819.680889423078,546133042.1669424,23369.489557261244,0.0,8.0,8.0,8.0,29300.880879658856,613866494.9715178,24776.329328040458,0.0,8.0,8.0,8.0,0.02897254187481807,0.00012011476167850886,0.01095968802833862,0.0,8.0,8.0,8.0,0.02895986432922862,0.00012050512813180345,0.010977482777568064,0.0,8.0,8.0,8.0,4.146792423445997,5.5035734805555,2.345969624815185,0.0,8.0,8.0,8.0,0.028980384875262603,0.00012085686255284833,0.010993491827115183,0.0,8.0,8.0,8.0,0.028980384875262603,0.00012085686255284833,0.010993491827115183,0.0,8.0,8.0,8.0,2.721408984092651,1.8094438105119042,1.5237667133771828,0.8620422871122982,0.743116904769802,3.0415829707353557
Uncertainty_1M/M,short,vanilla_univariate,vanilla_univariate,1.3479962944984436e-05,0.0,0.0,measured_candidate_query_loop_precomputed_vanilla_fallback_separate_retrieval,0.0,,,21.0,0.0,0.0,126.0,0.0,0.0,0.0,0.0,,0.0,,0.0,0.002088149616962373,6.54088166911864e-06,0.002557514744653223,0.0,21.0,21.0,21.0,0.034081369638442986,0.000638011656607055,0.02525889262432253,0.0,21.0,21.0,21.0,0.037430595022947294,0.0006871001731904864,0.026212595697307172,0.0,21.0,21.0,21.0,0.04226615903956327,0.000899996274991535,0.029999937916461345,0.0,21.0,21.0,21.0,0.041051827719660275,0.0008029487310737539,0.02833634999561083,0.0,21.0,21.0,21.0,0.41508574302996104,0.09057735490479024,0.30096071987020206,0.0,21.0,21.0,21.0,0.041911290085674145,0.0008731009414742327,0.029548281531659885,0.0,21.0,21.0,21.0,0.041911290085674145,0.0008731009414742327,0.029548281531659885,0.0,21.0,21.0,21.0,0.9687122092330922,0.4634703206443205,0.4284923211183383,0.3106812498094413,0.09652283898315646,0.19543291311268607
Housing_Inventory/M,short,vanilla_univariate,vanilla_univariate,1.304037868976593e-05,0.0,0.0,measured_candidate_query_loop_precomputed_vanilla_fallback_separate_retrieval,0.0,,,12.0,0.0,0.0,144.0,0.0,0.0,0.0,0.0,,0.0,,0.0,5481882559.140271,1.9223561478366396e+20,13864905869.989307,0.0,12.0,12.0,12.0,30275.87769940164,3768971359.585705,61391.94865440993,0.0,12.0,12.0,12.0,33075.91555109983,4387866369.596784,66240.97198559804,0.0,12.0,12.0,12.0,0.06936359858208149,0.007367149635675328,0.08583210142875058,0.0,12.0,12.0,12.0,0.06580518749661188,0.005552820329500953,0.07451724853683846,0.0,12.0,12.0,12.0,0.5280441169302251,0.09959870743503756,0.31559262893014084,0.0,12.0,12.0,12.0,0.06936614569553343,0.007443252718053832,0.08627428769948688,0.0,12.0,12.0,12.0,0.06936614569553343,0.007443252718053832,0.08627428769948688,0.0,12.0,12.0,12.0,0.6840076077319015,0.15831152058175027,0.7719857366516212,0.46138760060960926,0.2128785179962923,0.6291311401030092
JOLTS/M,short,vanilla_univariate,vanilla_univariate,1.3699755072593689e-05,0.0,0.0,measured_candidate_query_loop_precomputed_vanilla_fallback_separate_retrieval,0.0,,,30.0,0.0,0.0,360.0,0.0,0.0,0.0,0.0,,0.0,,0.0,420672.3743390767,1533537961713.0388,1238360.998139492,0.0,30.0,30.0,30.0,347.00633468627933,146665.60475652045,382.96945668880755,0.0,30.0,30.0,30.0,419.1783345849109,244961.89815369717,494.93625665705395,0.0,30.0,30.0,30.0,0.08196743802963521,0.0021773194273370915,0.04666175551066517,0.0,30.0,30.0,30.0,0.08092489024770637,0.002279735922781748,0.047746580220804795,0.0,30.0,30.0,30.0,1.0554441681567701,0.401298292196766,0.6334810906386756,0.0,30.0,30.0,30.0,0.08162143233034007,0.002296001840536649,0.04791661340846877,0.0,30.0,30.0,30.0,0.08162143233034007,0.002296001840536649,0.04791661340846877,0.0,30.0,30.0,30.0,1.68559441428069,0.8877843622848538,0.6261554732353394,0.3758205919951432,0.14124111736757994,0.4520222581573314
US_Labor/M,short,vanilla_univariate,vanilla_univariate,1.695007085800171e-05,0.0,0.0,measured_candidate_query_loop_precomputed_vanilla_fallback_separate_retrieval,0.0,,,70.0,0.0,0.0,840.0,0.0,0.0,0.0,0.0,,0.0,,0.0,761910.0770165157,4918034275163.383,2217664.1484145843,0.0,70.0,70.0,70.0,392.46041094178247,489233.5664186485,699.4523331998032,0.0,70.0,70.0,70.0,438.0243430594889,570044.7519038189,755.0130806176929,0.0,70.0,70.0,70.0,0.07247639605634736,0.012996942075431908,0.11400413183491162,0.0,70.0,70.0,70.0,0.0686834267344855,0.010381048819485159,0.10188743209780664,0.0,70.0,70.0,70.0,0.946363574229049,0.9329902249676274,0.9659141913066747,0.0,70.0,70.0,70.0,0.07125312548232236,0.01221001410095669,0.11049893257835883,0.0,70.0,70.0,70.0,0.07125312548232236,0.01221001410095669,0.11049893257835883,0.0,70.0,70.0,70.0,1.7726043654315742,2.936809552255237,0.5338831341525208,0.5449124520640027,0.29692958041440415,0.31768836499839254
Vehicle_Supply/M,short,vanilla_univariate,vanilla_univariate,1.3349577784538269e-05,0.0,0.0,measured_candidate_query_loop_precomputed_vanilla_fallback_separate_retrieval,0.0,,,30.0,0.0,0.0,360.0,0.0,0.0,0.0,0.0,,0.0,,0.0,2397.0625791646626,62892762.02859961,7930.495698794598,0.0,30.0,30.0,30.0,22.197685253702936,1089.7418205273882,33.01123779150652,0.0,30.0,30.0,30.0,26.823710828074898,1677.5511165764801,40.95791885065061,0.0,30.0,30.0,30.0,0.24361771808496752,0.028059889068244182,0.16751086253805805,0.0,30.0,30.0,30.0,0.24288934484137978,0.029512573713375363,0.17179223996844376,0.0,30.0,30.0,30.0,0.8110847872803042,0.38332596054750906,0.6191332332765777,0.0,30.0,30.0,30.0,0.22705992247115928,0.019781333351504275,0.1406461281070484,0.0,30.0,30.0,30.0,0.22705992247115928,0.019781333351504275,0.1406461281070484,0.0,30.0,30.0,30.0,1.1123545370322176,0.6181637851735725,0.7291603173969096,0.5565970314900108,0.30980025546349205,0.6201042017365608
Auto_Production_SF/M,short,vanilla_univariate,vanilla_univariate,1.2909993529319763e-05,0.0,0.0,measured_candidate_query_loop_precomputed_vanilla_fallback_separate_retrieval,0.0,,,5.0,0.0,0.0,60.0,0.0,0.0,0.0,0.0,,0.0,,0.0,26.3340193914269,59.86982153243904,7.737559145650458,0.0,5.0,5.0,5.0,4.089332326253255,0.6891971996818188,0.8301790166475053,0.0,5.0,5.0,5.0,5.05987522713225,0.7316820772802614,0.8553841694117686,0.0,5.0,5.0,5.0,0.041711810677266384,7.042307768668582e-05,0.008391845904607986,0.0,5.0,5.0,5.0,0.04140710859092778,6.90176152871124e-05,0.008307684110936839,0.0,5.0,5.0,5.0,1.0324059356330573,0.048479902987186275,0.2201815228105807,0.0,5.0,5.0,5.0,0.04100070720144536,6.83013187546871e-05,0.008264461189617088,0.0,5.0,5.0,5.0,0.04100070720144536,6.83013187546871e-05,0.008264461189617088,0.0,5.0,5.0,5.0,0.9634651517903213,0.1698127796753019,1.0715550362300386,0.22853086320915397,0.052226355439121054,0.2854903092681507
Commodity_Production/M,short,vanilla_univariate,vanilla_univariate,1.963973045349121e-05,0.0,0.0,measured_candidate_query_loop_precomputed_vanilla_fallback_separate_retrieval,0.0,,,160.0,0.0,0.0,1920.0,0.0,0.0,0.0,0.0,,0.0,,0.0,61141.71350902291,146126325084.19705,382264.73167714156,0.0,160.0,160.0,160.0,67.71338576958806,44546.59932269829,211.06065318457226,0.0,160.0,160.0,160.0,78.44783453033911,54987.65076652344,234.4944578588659,0.0,160.0,160.0,160.0,0.21401085858314586,0.2686283603381897,0.5182937008474922,0.0,160.0,160.0,160.0,0.1661381178282449,0.02337019608318601,0.15287313721902226,0.0,160.0,160.0,160.0,0.9385643093449965,0.32351654298113425,0.5687851465897595,0.0,160.0,160.0,160.0,0.15968064789683573,0.02021102033425872,0.14216546814982434,0.0,160.0,160.0,160.0,0.15968064789683573,0.02021102033425872,0.14216546814982434,0.0,160.0,160.0,160.0,1.220088634016739,0.5329512558073002,0.7692591203436454,0.4661834646530738,0.21732702271594373,0.6070283904127032
Commodity_Import/M,short,vanilla_univariate,vanilla_univariate,1.615099608898163e-05,0.0,0.0,measured_candidate_query_loop_precomputed_vanilla_fallback_separate_retrieval,0.0,,,40.0,0.0,0.0,480.0,0.0,0.0,0.0,0.0,,0.0,,0.0,1702244.821875055,34578470211171.76,5880346.096206563,0.0,40.0,40.0,40.0,527.9194751958053,956940.357420329,978.2332837418327,0.0,40.0,40.0,40.0,630.6832614769122,1304483.4455678998,1142.139853769187,0.0,40.0,40.0,40.0,0.35008689570783325,0.2996966338160359,0.5474455532891247,0.0,40.0,40.0,40.0,0.2393679572556398,0.04257403290440038,0.20633475932183695,0.0,40.0,40.0,40.0,1.5321493333429275,2.9317838588878504,1.7122452683210576,0.0,40.0,40.0,40.0,0.2730571647841017,0.11194549533752426,0.3345825687891171,0.0,40.0,40.0,40.0,0.2730571647841017,0.11194549533752426,0.3345825687891171,0.0,40.0,40.0,40.0,1.8336477254740147,4.658598925947419,0.8355745283335996,0.9337918317317065,0.8719671850088557,0.629327380504561
WUI_Global/Q,short,vanilla_univariate,vanilla_univariate,1.6789883375167847e-05,0.0,0.0,measured_candidate_query_loop_precomputed_vanilla_fallback_separate_retrieval,0.0,,,75.0,0.0,0.0,300.0,0.0,0.0,0.0,0.0,,0.0,,0.0,0.04857574002949982,0.005807718460174362,0.0762083883845759,0.0,75.0,75.0,75.0,0.14910565712799628,0.012254723415752587,0.11070105426667168,0.0,75.0,75.0,75.0,0.1769335722941423,0.01727025102473334,0.13141632708584325,0.0,75.0,75.0,75.0,0.5773365963279373,0.15595337611759022,0.39490932645050336,0.0,75.0,75.0,75.0,0.6599633745903781,0.13856111789233702,0.3722379855580795,0.0,75.0,75.0,75.0,0.9984850154591438,0.5541302028670656,0.7443992227743562,0.0,75.0,75.0,75.0,0.6986482208718878,1.1517152058082223,1.0731799503383495,0.0,75.0,75.0,75.0,0.6986482208718878,1.1517152058082223,1.0731799503383495,0.0,75.0,75.0,75.0,1.2752554228759418,0.6093761678421035,0.7829686489059356,0.5837255889456211,0.34073556318991216,0.9093401286586699
Global_Price/Q,short,vanilla_univariate,vanilla_univariate,3.620237112045288e-05,0.0,0.0,measured_candidate_query_loop_precomputed_vanilla_fallback_separate_retrieval,0.0,,,300.0,0.0,0.0,1200.0,0.0,0.0,0.0,0.0,,0.0,,0.0,1713971.901588175,115594650179338.05,10751495.25318865,0.0,300.0,300.0,300.0,304.08169453243414,1293386.687245826,1137.2715978366057,0.0,300.0,300.0,300.0,341.7312583593718,1597191.6486482953,1263.8004781801183,0.0,300.0,300.0,300.0,0.17929911077440888,0.02585085029285335,0.16078199617137906,0.0,300.0,300.0,300.0,0.19047991284707494,0.03187126757628719,0.17852525753037635,0.0,300.0,300.0,300.0,1.5684767906961357,3.596781341424362,1.8965182154211866,0.0,300.0,300.0,300.0,0.17991196446028548,0.024014058759001772,0.15496470165493098,0.0,300.0,300.0,300.0,0.17991196446028548,0.024014058759001772,0.15496470165493098,0.0,300.0,300.0,300.0,1.8604859355497676,3.4498076767502495,0.8430468410032113,1.0193671337057282,1.0391093532794318,1.0426034371900301
Vehicle_Sales/M,short,vanilla_univariate,vanilla_univariate,1.5418976545333862e-05,0.0,0.0,measured_candidate_query_loop_precomputed_vanilla_fallback_separate_retrieval,0.0,,,50.0,0.0,0.0,600.0,0.0,0.0,0.0,0.0,,0.0,,0.0,1736.5521316534516,47431065.472597644,6887.021524040537,0.0,50.0,50.0,50.0,10.760528745551904,1140.459245912534,33.77068619250331,0.0,50.0,50.0,50.0,12.66415136263351,1576.171401917759,39.7010251998328,0.0,50.0,50.0,50.0,0.08231239892419104,0.002943980436862218,0.05425845958799621,0.0,50.0,50.0,50.0,0.08211117789326419,0.002669824841075222,0.05167034779324813,0.0,50.0,50.0,50.0,0.772428342710334,0.29353917038184163,0.5417925529036383,0.0,50.0,50.0,50.0,0.08237831020675207,0.0028475396063746636,0.05336234258702164,0.0,50.0,50.0,50.0,0.08237831020675207,0.0028475396063746636,0.05336234258702164,0.0,50.0,50.0,50.0,1.3003774304433904,0.8704781233070326,0.5940031906328601,0.4166425379429286,0.17359100442352468,0.33721602246206633
Online_Retail_2_UCI/D,short,vanilla_univariate,vanilla_univariate,1.377984881401062e-05,0.0,0.0,measured_candidate_query_loop_precomputed_vanilla_fallback_separate_retrieval,0.0,,,6.0,0.0,0.0,180.0,0.0,0.0,0.0,0.0,,0.0,,0.0,314035391.6254831,9.704472665093222e+16,311520026.08328766,0.0,6.0,6.0,6.0,10246.287516276041,11151982.946545392,3339.4584810333236,0.0,6.0,6.0,6.0,16013.371609913565,57607321.308297314,7589.948702613036,0.0,6.0,6.0,6.0,0.2655223021669263,0.00203388949759427,0.045098664033364336,0.0,6.0,6.0,6.0,0.5281324901417711,0.0040334709139812144,0.06350961276831417,0.0,6.0,6.0,6.0,0.6195295273705109,0.0379748628515638,0.19487140080464294,0.0,6.0,6.0,6.0,0.2985858327672311,0.0017273098652909272,0.04156091752224591,0.0,6.0,6.0,6.0,0.2985858327672311,0.0017273098652909272,0.04156091752224591,0.0,6.0,6.0,6.0,1.6232577008686375,0.7074258093720319,0.381658147710612,0.12004957727929667,0.014411901004937826,0.05368034689782288
Supply_Chain_Customer/D,short,vanilla_univariate,vanilla_univariate,3.2821670174598694e-05,0.0,0.0,measured_candidate_query_loop_precomputed_vanilla_fallback_separate_retrieval,0.0,,,432.0,0.0,0.0,12960.0,0.0,0.0,0.0,0.0,,0.0,,0.0,32848610.476877663,2.6955915779147376e+16,164182568.43875775,0.0,432.0,432.0,432.0,1710.86646684835,13649711.212009422,3694.551557633135,0.0,432.0,432.0,432.0,2393.5512110451987,27119523.07698173,5207.64083601987,0.0,432.0,432.0,432.0,0.4312827766052787,0.06649812178275638,0.25787229743180323,0.0,432.0,432.0,432.0,0.42051334081570924,0.03835612026875176,0.19584718601182852,0.0,432.0,432.0,432.0,0.6131470465479132,0.05630761760345817,0.2372922619965897,0.0,432.0,432.0,432.0,0.36297469205083494,0.021388487579161616,0.14624803444546397,0.0,432.0,432.0,432.0,0.36297469205083494,0.021388487579161616,0.14624803444546397,0.0,432.0,432.0,432.0,1.5244040426120686,0.7613944839464535,0.4022208216512499,0.15566231482172474,0.02423075625565774,0.07395327755936056
Supply_Chain_Location/D,short,vanilla_univariate,vanilla_univariate,4.0879473090171814e-05,0.0,0.0,measured_candidate_query_loop_precomputed_vanilla_fallback_separate_retrieval,0.0,,,612.0,0.0,0.0,18360.0,0.0,0.0,0.0,0.0,,0.0,,0.0,21468139.985901974,3321808365679873.5,57635131.349549934,0.0,612.0,612.0,612.0,1791.9018142680459,8740284.905446496,2956.3972847786367,0.0,612.0,612.0,612.0,2409.500846064167,15662445.658718035,3957.580783599753,0.0,612.0,612.0,612.0,0.500894001886812,0.05296787350269788,0.23014750379419258,0.0,612.0,612.0,612.0,0.42251546183408895,0.015358850075472979,0.12393082778499052,0.0,612.0,612.0,612.0,0.6500187666725908,0.05996015301421256,0.24486762345032992,0.0,612.0,612.0,612.0,0.38068952366955316,0.011229128568993968,0.10596758263258613,0.0,612.0,612.0,612.0,0.38068952366955316,0.011229128568993968,0.10596758263258613,0.0,612.0,612.0,612.0,1.4264456517338167,0.5773547972858538,0.4556912251669076,0.17166277814559436,0.029468109400663547,0.10385321694058033
azure2019_U/5T,short,vanilla_univariate,vanilla_univariate,7.276982069015503e-05,0.0,0.0,measured_candidate_query_loop_precomputed_vanilla_fallback_separate_retrieval,0.0,,,1404.0,0.0,0.0,67392.0,0.0,0.0,0.0,0.0,,0.0,,0.0,71.66633608859661,95270.58272886365,308.65933118709313,0.0,1404.0,1404.0,1404.0,2.6217746618497344,39.94897971511475,6.320520525646187,0.0,1404.0,1404.0,1404.0,3.561675882225482,58.98080099856994,7.679895897638843,0.0,1404.0,1404.0,1404.0,0.40582479065539817,8.959355475264784,2.9932182471822504,0.0,1404.0,1404.0,1404.0,0.20470794129368108,0.05016890922412701,0.22398417181606162,0.0,1404.0,1404.0,1404.0,0.7729739710685387,1.0025179601373027,1.0012581885494383,0.0,1404.0,1404.0,1404.0,0.21844098189218925,0.06611566269172564,0.25712966124452785,0.0,1404.0,1404.0,1404.0,0.21844098189218925,0.06611566269172564,0.25712966124452785,0.0,1404.0,1404.0,1404.0,1.1130542641708217,1.2257899723905192,0.6944620724708077,0.8995591866271976,0.8092067302453855,0.8178545939498962
Smart_Manufacturing/H,short,vanilla_univariate,vanilla_univariate,0.0001273714005947113,0.0,0.0,measured_candidate_query_loop_precomputed_vanilla_fallback_separate_retrieval,0.0,,,2380.0,0.0,0.0,40650.0,0.0,0.0,0.0,0.0,,0.0,,0.0,79.16818257820654,6267.9565801928675,79.17042743469854,0.0,2380.0,2380.0,2380.0,5.750882070918236,19.016741625972116,4.360818916897618,0.0,2380.0,2380.0,2380.0,7.1012860423411235,28.739919123057685,5.360962518341057,0.0,2380.0,2380.0,2380.0,0.3446202838440897,7.910416185780235,2.8125462104257477,0.0,2380.0,2380.0,2380.0,0.22637648291803392,0.01062929270429631,0.1030984612120681,0.0,2380.0,2380.0,2380.0,0.7166630909129093,0.01654023218978313,0.12860883402699494,0.0,2380.0,2380.0,2380.0,0.2185725117186283,0.009531672880856922,0.09763028669863119,0.0,2380.0,2380.0,2380.0,0.2185725117186283,0.009531672880856922,0.09763028669863119,0.0,2380.0,2380.0,2380.0,0.9987212256449988,0.03817606606400739,0.7175807147285476,0.12877350628443507,0.016582615920787434,0.4332618285511967
Smart_Manufacturing/H,medium,vanilla_univariate,vanilla_univariate,3.112107515335083e-05,0.0,0.0,measured_candidate_query_loop_precomputed_vanilla_fallback_separate_retrieval,0.0,,,340.0,0.0,0.0,40650.0,0.0,0.0,0.0,0.0,,0.0,,0.0,78.6815067265074,5128.079807598192,71.61061239507865,0.0,340.0,340.0,340.0,5.734622309191529,17.56207758342208,4.190713254736249,0.0,340.0,340.0,340.0,7.163304686547104,27.368572694199674,5.231498130956339,0.0,340.0,340.0,340.0,0.3461434936241701,1.373978228084479,1.1721681739769592,0.0,340.0,340.0,340.0,0.2258872800289629,0.008442276351530671,0.09188186084059612,0.0,340.0,340.0,340.0,0.7140192438721245,0.002890679181617398,0.05376503679546214,0.0,340.0,340.0,340.0,0.21624715630234798,0.007108767377766927,0.08431350649668727,0.0,340.0,340.0,340.0,0.21624715630234798,0.007108767377766927,0.08431350649668727,0.0,340.0,340.0,340.0,1.0059162251273246,0.01326920601468509,0.7098197901935094,0.053448821534474,0.002856776523424051,0.21784869256067546
Smart_Manufacturing/H,long,vanilla_univariate,vanilla_univariate,2.316012978553772e-05,0.0,0.0,measured_candidate_query_loop_precomputed_vanilla_fallback_separate_retrieval,0.0,,,170.0,0.0,0.0,40650.0,0.0,0.0,0.0,0.0,,0.0,,0.0,78.74989194797398,5038.92712832615,70.98540081119603,0.0,170.0,170.0,170.0,5.734937814317262,17.4374766417533,4.175820475278278,0.0,170.0,170.0,170.0,7.174905967656821,27.270616303256524,5.222127564820351,0.0,170.0,170.0,170.0,0.34929795166676525,0.7462634950708699,0.8638654380578435,0.0,170.0,170.0,170.0,0.2258839608283897,0.008274256559662917,0.0909629405838604,0.0,170.0,170.0,170.0,0.7137246917722527,0.0016086659663426862,0.040108178297483,0.0,170.0,170.0,170.0,0.2161957902942386,0.006957586918020741,0.08341215090153677,0.0,170.0,170.0,170.0,0.2161957902942386,0.006957586918020741,0.08341215090153677,0.0,170.0,170.0,170.0,1.0022363197581337,0.0120211297863795,0.7121321366047616,0.04001868372437568,0.0016014950470316107,0.13381986509831878
MetroPT-3/5T,short,vanilla_univariate,vanilla_univariate,2.28099524974823e-05,0.0,0.0,measured_candidate_query_loop_precomputed_vanilla_fallback_separate_retrieval,0.0,,,210.0,0.0,0.0,8922.0,0.0,0.0,0.0,0.0,,0.0,,0.0,3.540192089853819,25.91150959819057,5.0903349200411725,0.0,210.0,210.0,216.0,1.185860998033829,0.8422265533627553,0.9177290195710035,0.0,210.0,210.0,216.0,1.519030795217712,1.2327375330340646,1.1102871399030363,0.0,210.0,210.0,216.0,5.063750615596237,56.59581393105809,7.523018937305561,0.0,210.0,210.0,216.0,0.49721145888691226,0.4439479643699372,0.6662942025636552,0.0,210.0,210.0,216.0,0.6495314561459699,0.03972175049148794,0.1993031622716708,0.0,210.0,210.0,216.0,0.33943625526042964,0.1594210383056675,0.3992756420139695,0.0,210.0,210.0,216.0,0.33943625526042964,0.1594210383056675,0.3992756420139695,0.0,210.0,210.0,216.0,0.8726224746907574,0.07601067700804957,0.7443441751556454,0.22839563276467348,0.05216456506597559,0.5225811958928005
MetroPT-3/5T,medium,vanilla_univariate,vanilla_univariate,1.562945544719696e-05,0.0,0.0,measured_candidate_query_loop_precomputed_vanilla_fallback_separate_retrieval,0.0,,,36.0,0.0,0.0,8922.0,0.0,0.0,0.0,0.0,,0.0,,0.0,3.423898725042783,13.05197692277835,3.6127519874436924,0.0,36.0,36.0,36.0,1.2080724746761125,0.7172625016293678,0.8469135148463317,0.0,36.0,36.0,36.0,1.517842965234999,1.1200514579294087,1.0583248357330601,0.0,36.0,36.0,36.0,7.13205825213781,118.55792384880199,10.88843073398559,0.0,36.0,36.0,36.0,0.48168587884907205,0.3924950822644344,0.6264942795145335,0.0,36.0,36.0,36.0,0.6855807975211551,0.013169564585681866,0.11475872335331143,0.0,36.0,36.0,36.0,0.3474081652231436,0.16131153600113518,0.4016360740784313,0.0,36.0,36.0,36.0,0.3474081652231436,0.16131153600113518,0.4016360740784313,0.0,36.0,36.0,36.0,0.8535683382965379,0.019695959012921885,0.8031938003808404,0.13444585302019854,0.018075687394328827,0.6686429727560734
MetroPT-3/5T,long,vanilla_univariate,vanilla_univariate,1.3802200555801392e-05,0.0,0.0,measured_candidate_query_loop_precomputed_vanilla_fallback_separate_retrieval,0.0,,,18.0,0.0,0.0,8922.0,0.0,0.0,0.0,0.0,,0.0,,0.0,3.3338742051752135,11.362706439925551,3.3708613795179345,0.0,18.0,18.0,18.0,1.2067396623770494,0.6853749097108716,0.8278737281197366,0.0,18.0,18.0,18.0,1.5065311327760618,1.064238151151689,1.031619189018743,0.0,18.0,18.0,18.0,6.7194625063243265,90.76131245842954,9.526873173210062,0.0,18.0,18.0,18.0,0.4851855403491203,0.3942388859750177,0.6278844527259914,0.0,18.0,18.0,18.0,0.694838569336889,0.01300933238411446,0.11405846037937939,0.0,18.0,18.0,18.0,0.34845177652946724,0.15821060454862856,0.3977569666877358,0.0,18.0,18.0,18.0,0.34845177652946724,0.15821060454862856,0.3977569666877358,0.0,18.0,18.0,18.0,0.8686901704875118,0.022228105801810265,0.7998692663311054,0.1312993564959638,0.017239521016254193,0.5852650018903084
