frequency,horizon_steps,model,mean_loss,tasks,mean_loss_ratio,mean_paired_improvement_percent,relative_tasks
15T,16,vanilla_univariate,0.5398031718676791,3,1.0,0.0,3
15T,96,vanilla_univariate,0.7767941101289886,7,1.0,0.0,7
15T,288,vanilla_univariate,0.8508389612170872,4,1.0,0.0,4
5T,36,vanilla_univariate,0.473302203298902,1,1.0,0.0,1
5T,288,vanilla_univariate,0.828313662395241,3,1.0,0.0,3
5T,864,vanilla_univariate,0.9759853769372879,1,1.0,0.0,1
10T,18,vanilla_univariate,0.6174763561582273,1,1.0,0.0,1
10T,144,vanilla_univariate,0.9608067753499822,1,1.0,0.0,1
10T,432,vanilla_univariate,0.9579246305286601,1,1.0,0.0,1
15T,12,vanilla_univariate,0.5986830877494864,3,1.0,0.0,3
H,24,vanilla_univariate,0.7714311421118378,8,1.0,0.0,8
H,168,vanilla_univariate,0.8282260694431822,8,1.0,0.0,8
H,336,vanilla_univariate,0.8239085397106516,4,1.0,0.0,4
30T,12,vanilla_univariate,0.732881912033338,1,1.0,0.0,1
30T,48,vanilla_univariate,0.8289752552869808,1,1.0,0.0,1
30T,144,vanilla_univariate,0.8616183314352175,1,1.0,0.0,1
20T,9,vanilla_univariate,0.47813008816308095,1,1.0,0.0,1
20T,72,vanilla_univariate,1.3679472997822761,1,1.0,0.0,1
20T,216,vanilla_univariate,1.289841764853358,1,1.0,0.0,1
D,3,vanilla_univariate,0.8143449796422634,1,1.0,0.0,1
D,7,vanilla_univariate,0.7726573878723118,1,1.0,0.0,1
D,14,vanilla_univariate,0.7827356577297115,1,1.0,0.0,1
H,72,vanilla_univariate,0.8068460807035034,4,1.0,0.0,4
5T,24,vanilla_univariate,0.4495358442050191,1,1.0,0.0,1
5T,96,vanilla_univariate,0.7018520607236205,1,1.0,0.0,1
15T,24,vanilla_univariate,0.6259215540866543,1,1.0,0.0,1
15T,672,vanilla_univariate,0.7401122251149009,3,1.0,0.0,3
D,30,vanilla_univariate,0.6679821129724224,6,1.0,0.0,6
W,13,vanilla_univariate,0.9723919836331767,4,1.0,0.0,4
B,20,vanilla_univariate,0.9042376548748312,2,1.0,0.0,2
M,6,vanilla_univariate,0.4284923211183383,1,1.0,0.0,1
M,12,vanilla_univariate,0.7414470671220668,8,1.0,0.0,8
Q,4,vanilla_univariate,0.8130077449545734,2,1.0,0.0,2
5T,48,vanilla_univariate,0.7194031238132266,2,1.0,0.0,2
5T,576,vanilla_univariate,0.7998692663311054,1,1.0,0.0,1
