model,dataset,frequency,term,horizon_steps,MASE,scaled_MASE,MASE_std,MASE_variance,seasonal_MASE_variance,inference_seconds,query_retrieval_seconds,datastore_preprocessing_seconds,prediction_nan_values,prediction_values,prediction_nan_rate,domain,reference_loss,reference_scaled_MASE,reference_inference_seconds,loss_ratio_to_reference,paired_improvement_percent
vanilla_univariate,Water_Quality_Darwin,15T,short,16,0.6716427400325539,0.6177950678072444,0.8446393818831036,0.7134156854278714,1.3381496638898256,0.00027189217507839203,0.0,0.0,0.0,60462.0,0.0,Climate,0.6716427400325539,0.6177950678072444,0.00027189217507839203,1.0,0.0
vanilla_univariate,Water_Quality_Darwin,15T,medium,96,0.936617812198225,0.859893902911913,0.8437925032653494,0.7119857885668047,0.8662032158339698,5.4271891713142395e-05,0.0,0.0,0.0,60462.0,0.0,Climate,0.936617812198225,0.859893902911913,5.4271891713142395e-05,1.0,0.0
vanilla_univariate,Water_Quality_Darwin,15T,long,288,1.4995828558644622,0.9424050112046589,1.2783666944687477,1.6342214055269526,1.5257973604856987,2.3806467652320862e-05,0.0,0.0,0.0,60462.0,0.0,Climate,1.4995828558644622,0.9424050112046589,2.3806467652320862e-05,1.0,0.0
vanilla_univariate,current_velocity,5T,short,36,0.4309424156630221,0.473302203298902,0.3107609798347468,0.09657238658785193,0.38424047675878115,5.3899362683296204e-05,0.0,0.0,0.0,25920.0,0.0,Climate,0.4309424156630221,0.473302203298902,5.3899362683296204e-05,1.0,0.0
vanilla_univariate,current_velocity,5T,medium,288,0.7323406240134054,0.8041581728836168,0.3640244437201134,0.132513795625738,0.11522061713881367,1.8600374460220337e-05,0.0,0.0,0.0,25920.0,0.0,Climate,0.7323406240134054,0.8041581728836168,1.8600374460220337e-05,1.0,0.0
vanilla_univariate,current_velocity,5T,long,864,1.0664668009130953,0.9759853769372879,0.6220267257977385,0.386917247606655,0.29190573790947194,1.5310943126678467e-05,0.0,0.0,0.0,25920.0,0.0,Climate,1.0664668009130953,0.9759853769372879,1.5310943126678467e-05,1.0,0.0
vanilla_univariate,current_velocity,10T,short,18,0.6437833307149723,0.6174763561582273,0.4150342852693608,0.17225345794904917,0.4807344590412708,0.00030231475830078125,0.0,0.0,0.0,129576.0,0.0,Climate,0.6437833307149723,0.6174763561582273,0.00030231475830078125,1.0,0.0
vanilla_univariate,current_velocity,10T,medium,144,1.002804817780753,0.9608067753499822,0.4777945055545001,0.2282875895380692,0.25305105017876023,5.370005965232849e-05,0.0,0.0,0.0,129576.0,0.0,Climate,1.002804817780753,0.9608067753499822,5.370005965232849e-05,1.0,0.0
vanilla_univariate,current_velocity,10T,long,432,1.3770165825586909,0.9579246305286601,0.9062009471766741,0.8212001566639012,0.6433695275713929,3.0061230063438416e-05,0.0,0.0,0.0,129576.0,0.0,Climate,1.3770165825586909,0.9579246305286601,3.0061230063438416e-05,1.0,0.0
vanilla_univariate,current_velocity,15T,short,12,0.5264439061535141,0.5310258678905166,0.3845825746094821,0.14790375669325784,0.453088957404636,0.00017671287059783936,0.0,0.0,0.0,43200.0,0.0,Climate,0.5264439061535141,0.5310258678905166,0.00017671287059783936,1.0,0.0
vanilla_univariate,current_velocity,15T,medium,96,0.7820132300395952,0.7879646587478571,0.4130459250166466,0.17060693617285727,0.20323056826444055,3.619864583015442e-05,0.0,0.0,0.0,43200.0,0.0,Climate,0.7820132300395952,0.7879646587478571,3.619864583015442e-05,1.0,0.0
vanilla_univariate,current_velocity,15T,long,288,0.9309764178821907,0.8248960300184449,0.4705162732999425,0.22138556344006616,0.18788879728392668,2.1880492568016052e-05,0.0,0.0,0.0,43200.0,0.0,Climate,0.9309764178821907,0.8248960300184449,2.1880492568016052e-05,1.0,0.0
vanilla_univariate,current_velocity,H,short,24,0.8281138920709751,0.8010741497430847,0.48416436618895486,0.23441513348715237,0.3826492950103123,0.00015603192150592804,0.0,0.0,0.0,84672.0,0.0,Climate,0.8281138920709751,0.8010741497430847,0.00015603192150592804,1.0,0.0
vanilla_univariate,current_velocity,H,medium,168,1.4834479710008108,0.8046234772564353,1.0013297400320422,1.0026612482726371,1.2185305146164476,3.733113408088684e-05,0.0,0.0,0.0,84672.0,0.0,Climate,1.4834479710008108,0.8046234772564353,3.733113408088684e-05,1.0,0.0
vanilla_univariate,current_velocity,H,long,336,1.6266933009882154,0.822362544365893,1.2967850347324767,1.681651426306111,1.9703509296939952,2.5000423192977905e-05,0.0,0.0,0.0,84672.0,0.0,Climate,1.6266933009882154,0.822362544365893,2.5000423192977905e-05,1.0,0.0
vanilla_univariate,CPHL,15T,short,12,0.656110489198097,0.47936824013839624,0.7044300796257641,0.49622173708156037,1.2103073573379792,2.354755997657776e-05,0.0,0.0,0.0,2875.0,0.0,Climate,0.656110489198097,0.47936824013839624,2.354755997657776e-05,1.0,0.0
vanilla_univariate,CPHL,15T,medium,96,1.063731294575291,0.7748516186645863,0.6831529075045506,0.466697895031921,0.6233469173388662,1.3010576367378235e-05,0.0,0.0,0.0,2875.0,0.0,Climate,1.063731294575291,0.7748516186645863,1.3010576367378235e-05,1.0,0.0
vanilla_univariate,CPHL,15T,long,288,1.202757658522571,0.7726306183441974,0.48688862746289285,0.23706053555269965,0.9348312901421038,1.3180077075958252e-05,0.0,0.0,0.0,2875.0,0.0,Climate,1.202757658522571,0.7726306183441974,1.3180077075958252e-05,1.0,0.0
vanilla_univariate,CPHL,30T,short,12,1.4040590147394727,0.732881912033338,0.9908685937638231,0.9818205701074963,2.00872837438365,2.3268163204193115e-05,0.0,0.0,0.0,2681.0,0.0,Climate,1.4040590147394727,0.732881912033338,2.3268163204193115e-05,1.0,0.0
vanilla_univariate,CPHL,30T,medium,48,1.5695327782076256,0.8289752552869808,0.9341613766293314,0.8726574775860075,1.4876388063522994,1.6439706087112427e-05,0.0,0.0,0.0,2681.0,0.0,Climate,1.5695327782076256,0.8289752552869808,1.6439706087112427e-05,1.0,0.0
vanilla_univariate,CPHL,30T,long,144,1.9159433983126628,0.8616183314352175,1.0327211046263514,1.0665128799406716,1.6073134698343936,1.2930482625961304e-05,0.0,0.0,0.0,2681.0,0.0,Climate,1.9159433983126628,0.8616183314352175,1.2930482625961304e-05,1.0,0.0
vanilla_univariate,CPHL,H,short,24,1.316102276045098,0.8460708875477784,0.8662887053598273,0.7504561210340057,0.9459225828742138,1.8991529941558838e-05,0.0,0.0,0.0,2654.0,0.0,Climate,1.316102276045098,0.8460708875477784,1.8991529941558838e-05,1.0,0.0
vanilla_univariate,CPHL,H,medium,168,1.9464693816144993,0.8737881240254909,0.8771552998162625,0.7694014199957573,0.6049068284587019,1.3068318367004395e-05,0.0,0.0,0.0,2654.0,0.0,Climate,1.9464693816144993,0.8737881240254909,1.3068318367004395e-05,1.0,0.0
vanilla_univariate,CPHL,H,long,336,2.1537965293959545,0.853238146455963,0.838506938916045,0.703093886610356,1.3278778683794659,1.3289973139762878e-05,0.0,0.0,0.0,2654.0,0.0,Climate,2.1537965293959545,0.853238146455963,1.3289973139762878e-05,1.0,0.0
vanilla_univariate,Coastal_T_S,15T,short,12,1.1376097055054408,0.7856551552195463,1.131899817222922,1.2811971962292843,1.6108624064484944,8.922070264816284e-05,0.0,0.0,0.0,21600.0,0.0,Climate,1.1376097055054408,0.7856551552195463,8.922070264816284e-05,1.0,0.0
vanilla_univariate,Coastal_T_S,15T,medium,96,1.2546875781987985,0.8642968207354607,1.0661573169195302,1.1366914244210515,1.2834579947320974,2.5289133191108704e-05,0.0,0.0,0.0,21600.0,0.0,Climate,1.2546875781987985,0.8642968207354607,2.5289133191108704e-05,1.0,0.0
vanilla_univariate,Coastal_T_S,15T,long,288,1.3758704254220318,0.8634241853010478,1.0563493057927515,1.115873855848828,1.3306993853637727,1.821853220462799e-05,0.0,0.0,0.0,21600.0,0.0,Climate,1.3758704254220318,0.8634241853010478,1.821853220462799e-05,1.0,0.0
vanilla_univariate,Coastal_T_S,20T,short,9,0.6111656872978505,0.47813008816308095,0.5266911393309351,0.2774035562497185,1.391596656960766,2.9578804969787598e-05,0.0,0.0,0.0,3240.0,0.0,Climate,0.6111656872978505,0.47813008816308095,2.9578804969787598e-05,1.0,0.0
vanilla_univariate,Coastal_T_S,20T,medium,72,1.7547628129002864,1.3679472997822761,0.7389592289151671,0.5460607419988983,0.8089647179022766,1.6732141375541687e-05,0.0,0.0,0.0,3240.0,0.0,Climate,1.7547628129002864,1.3679472997822761,1.6732141375541687e-05,1.0,0.0
vanilla_univariate,Coastal_T_S,20T,long,216,2.370452159975281,1.289841764853358,1.2342614465608033,1.5234013184663666,1.7356310305571765,1.3640150427818298e-05,0.0,0.0,0.0,3240.0,0.0,Climate,2.370452159975281,1.289841764853358,1.3640150427818298e-05,1.0,0.0
vanilla_univariate,Coastal_T_S,H,short,24,0.9819445754980096,0.8149351385388113,1.5453785426098658,2.388194839958993,2.6970812724109106,9.592249989509583e-05,0.0,0.0,0.0,48384.0,0.0,Climate,0.9819445754980096,0.8149351385388113,9.592249989509583e-05,1.0,0.0
vanilla_univariate,Coastal_T_S,H,medium,168,1.744121568445221,0.8487212375719313,1.5067842447478743,2.2703987602204223,3.0797064254343613,2.6639550924301147e-05,0.0,0.0,0.0,48384.0,0.0,Climate,1.744121568445221,0.8487212375719313,2.6639550924301147e-05,1.0,0.0
vanilla_univariate,Coastal_T_S,H,long,336,2.403046401752879,0.9079013314159889,3.082862745184153,9.504042705644373,9.314770885075767,2.078711986541748e-05,0.0,0.0,0.0,48384.0,0.0,Climate,2.403046401752879,0.9079013314159889,2.078711986541748e-05,1.0,0.0
vanilla_univariate,SG_Weather,D,short,3,0.8705035534727462,0.8143449796422634,0.5605906107329273,0.31426183284191633,0.6515856757834457,0.00013342127203941345,0.0,0.0,0.0,8492.0,0.0,Climate,0.8705035534727462,0.8143449796422634,0.00013342127203941345,1.0,0.0
vanilla_univariate,SG_Weather,D,medium,7,0.9119706600002427,0.7726573878723118,0.4785226952275493,0.22898396984783803,0.6201815357152103,6.536953151226044e-05,0.0,0.0,0.0,8444.0,0.0,Climate,0.9119706600002427,0.7726573878723118,6.536953151226044e-05,1.0,0.0
vanilla_univariate,SG_Weather,D,long,14,0.9297402102509469,0.7827356577297115,0.40902170023827783,0.1672987512658116,0.5518559441190071,4.0920451283454895e-05,0.0,0.0,0.0,8444.0,0.0,Climate,0.9297402102509469,0.7827356577297115,4.0920451283454895e-05,1.0,0.0
vanilla_univariate,SG_PM25,H,short,24,0.9000802175033318,0.76798169654794,0.48510197291938995,0.23532392413028452,0.2568254349370439,3.528967499732971e-05,0.0,0.0,0.0,11040.0,0.0,Climate,0.9000802175033318,0.76798169654794,3.528967499732971e-05,1.0,0.0
vanilla_univariate,SG_PM25,H,medium,72,0.9729665091471766,0.8209018610001972,0.46533561142663354,0.21653723126179888,0.20283745879242823,2.0790845155715942e-05,0.0,0.0,0.0,10800.0,0.0,Climate,0.9729665091471766,0.8209018610001972,2.0790845155715942e-05,1.0,0.0
vanilla_univariate,SG_PM25,H,long,168,0.9862905912465224,0.7639874986655603,0.3027029620866387,0.09162908325602502,0.12490674689861864,1.812167465686798e-05,0.0,0.0,0.0,10920.0,0.0,Climate,0.9862905912465224,0.7639874986655603,1.812167465686798e-05,1.0,0.0
vanilla_univariate,NE_China_Wind,H,short,24,0.5332655848362043,0.6407841327805917,0.40494142443183145,0.16397755722088067,0.39953287968674783,2.7552247047424316e-05,0.0,0.0,0.0,2880.0,0.0,Climate,0.5332655848362043,0.6407841327805917,2.7552247047424316e-05,1.0,0.0
vanilla_univariate,NE_China_Wind,H,medium,72,0.9416772869144727,0.861949335474657,0.6704649418343095,0.44952323822888396,0.5857512612541707,1.5400350093841553e-05,0.0,0.0,0.0,2880.0,0.0,Climate,0.9416772869144727,0.861949335474657,1.5400350093841553e-05,1.0,0.0
vanilla_univariate,NE_China_Wind,H,long,168,1.2605794159420194,0.947040697295053,0.8161876447941399,0.666162271514605,0.6787319478156216,1.3500452041625977e-05,0.0,0.0,0.0,2688.0,0.0,Climate,1.2605794159420194,0.947040697295053,1.3500452041625977e-05,1.0,0.0
vanilla_univariate,Australia_Solar,H,short,24,1.1027190648704128,0.892551152793472,0.8258981161013979,0.682107698179838,0.9323109223171446,2.779066562652588e-05,0.0,0.0,0.0,6271.0,0.0,Climate,1.1027190648704128,0.892551152793472,2.779066562652588e-05,1.0,0.0
vanilla_univariate,Australia_Solar,H,medium,72,1.1872985525551225,0.8736594232229001,0.6483106105803038,0.4203066477910064,0.6875907422688505,1.8652528524398804e-05,0.0,0.0,0.0,6271.0,0.0,Climate,1.1872985525551225,0.8736594232229001,1.8652528524398804e-05,1.0,0.0
vanilla_univariate,Australia_Solar,H,long,168,1.201433091645914,0.9413522940282448,0.6010582387692367,0.3612710063923768,0.42093784470046247,1.6080215573310852e-05,0.0,0.0,0.0,6271.0,0.0,Climate,1.201433091645914,0.9413522940282448,1.6080215573310852e-05,1.0,0.0
vanilla_univariate,epf_electricity_price,H,short,24,0.9865224365484573,0.6904712642144776,0.8574124195719857,0.7351560572362867,1.4925386582068707,3.7711113691329956e-05,0.0,0.0,0.0,12600.0,0.0,Finance,0.9865224365484573,0.6904712642144776,3.7711113691329956e-05,1.0,0.0
vanilla_univariate,epf_electricity_price,H,medium,72,1.2501886284244879,0.670873703116259,0.9651566312776669,0.9315273228992542,2.1638735496972785,2.1871179342269897e-05,0.0,0.0,0.0,12600.0,0.0,Finance,1.2501886284244879,0.670873703116259,2.1871179342269897e-05,1.0,0.0
vanilla_univariate,epf_electricity_price,H,long,168,1.469630560166673,0.7364754365092334,0.9704849551531478,0.9418410481786074,2.061898174629208,1.8149614334106445e-05,0.0,0.0,0.0,12600.0,0.0,Finance,1.469630560166673,0.7364754365092334,1.8149614334106445e-05,1.0,0.0
vanilla_univariate,OpenElectricity_NEM,5T,short,24,0.4592765393518389,0.4495358442050191,0.4873320855502841,0.23749256160678944,0.8538266760641295,8.477270603179932e-05,0.0,0.0,0.0,40320.0,0.0,Energy,0.4592765393518389,0.4495358442050191,8.477270603179932e-05,1.0,0.0
vanilla_univariate,OpenElectricity_NEM,5T,medium,96,0.7173457233720583,0.7018520607236205,0.45819108216279253,0.2099390677735109,0.5621339027558641,3.366731107234955e-05,0.0,0.0,0.0,40320.0,0.0,Energy,0.7173457233720583,0.7018520607236205,3.366731107234955e-05,1.0,0.0
vanilla_univariate,OpenElectricity_NEM,5T,long,288,0.8973124209379337,0.8775890139212654,0.42232540236504357,0.17835874548279596,0.21617743752963614,2.0820647478103638e-05,0.0,0.0,0.0,40320.0,0.0,Energy,0.8973124209379337,0.8775890139212654,2.0820647478103638e-05,1.0,0.0
vanilla_univariate,EWELD_Load,15T,short,24,0.570156750162608,0.6259215540866543,0.5042486701499416,0.2542667213479846,0.6284262662910528,3.997981548309326e-05,0.0,0.0,0.0,13440.0,0.0,Energy,0.570156750162608,0.6259215540866543,3.997981548309326e-05,1.0,0.0
vanilla_univariate,EWELD_Load,15T,medium,96,0.6761916492113271,0.7424570767203215,0.4183117755597538,0.17498474157195382,0.24043824963022473,2.1440908312797546e-05,0.0,0.0,0.0,13440.0,0.0,Energy,0.6761916492113271,0.7424570767203215,2.1440908312797546e-05,1.0,0.0
vanilla_univariate,EWELD_Load,15T,long,672,0.7765424508227898,0.7980183665597569,0.4768922179785327,0.22742618756848437,0.237943187485963,1.449882984161377e-05,0.0,0.0,0.0,13440.0,0.0,Energy,0.7765424508227898,0.7980183665597569,1.449882984161377e-05,1.0,0.0
vanilla_univariate,SG_Carpark,15T,short,16,0.40722017076287736,0.43226225195629453,0.480367022877228,0.23075247666793128,1.3572945477146132,0.000629449263215065,0.0,0.0,0.0,235056.0,0.0,Transport,0.40722017076287736,0.43226225195629453,0.000629449263215065,1.0,0.0
vanilla_univariate,SG_Carpark,15T,medium,96,0.6110573661681822,0.6450896081401051,0.586846019308562,0.3443882503783051,0.6915537435383057,0.00011799298226833344,0.0,0.0,0.0,235056.0,0.0,Transport,0.6110573661681822,0.6450896081401051,0.00011799298226833344,1.0,0.0
vanilla_univariate,SG_Carpark,15T,long,672,0.9706223534883668,0.7421273001577617,0.9013709600699411,0.8124696076574074,0.6407367954972765,3.311224281787872e-05,0.0,0.0,0.0,235056.0,0.0,Transport,0.9706223534883668,0.7421273001577617,3.311224281787872e-05,1.0,0.0
vanilla_univariate,Finland_Traffic,15T,short,16,0.445327653983243,0.5693521958394981,0.4072292728430738,0.16583568066029863,0.5444992622161519,2.102181315422058e-05,0.0,0.0,0.0,2976.0,0.0,Transport,0.445327653983243,0.5693521958394981,2.102181315422058e-05,1.0,0.0
vanilla_univariate,Finland_Traffic,15T,medium,96,0.5966518526730152,0.7630050849826767,0.3205898457254907,0.10277784918229393,0.17085736839439175,1.372024416923523e-05,0.0,0.0,0.0,2976.0,0.0,Transport,0.5966518526730152,0.7630050849826767,1.372024416923523e-05,1.0,0.0
vanilla_univariate,Finland_Traffic,15T,long,672,0.6364014052199654,0.6801910086271843,0.23617155323924038,0.05577700255943535,0.018781384922048106,1.325272023677826e-05,0.0,0.0,0.0,2688.0,0.0,Transport,0.6364014052199654,0.6801910086271843,1.325272023677826e-05,1.0,0.0
vanilla_univariate,Port_Activity,D,short,30,0.662000459082709,0.6941910244863553,0.2355561369237364,0.05548669364243405,0.36546784286960077,0.00011223182082176208,0.0,0.0,0.0,71280.0,0.0,Transport,0.662000459082709,0.6941910244863553,0.00011223182082176208,1.0,0.0
vanilla_univariate,Port_Activity,W,short,13,0.7834238251459267,0.8030669265439482,0.30709717554035704,0.09430867522486486,0.21474218187417846,4.76595014333725e-05,0.0,0.0,0.0,10296.0,0.0,Transport,0.7834238251459267,0.8030669265439482,4.76595014333725e-05,1.0,0.0
vanilla_univariate,ECDC_COVID,D,short,30,3.529062284006213,0.9961631816873716,2.8679351889692692,8.225052248128199,9.46457225161981,1.553073525428772e-05,0.0,0.0,0.0,1220.0,0.0,Healthcare,3.529062284006213,0.9961631816873716,1.553073525428772e-05,1.0,0.0
vanilla_univariate,ECDC_COVID,W,short,13,1.358214699186885,0.8800350442864106,1.0784750951291076,1.1631085308137377,2.5262185251337717,1.5169382095336914e-05,0.0,0.0,0.0,820.0,0.0,Healthcare,1.358214699186885,0.8800350442864106,1.5169382095336914e-05,1.0,0.0
vanilla_univariate,Global_Influenza,W,short,13,2.8883879320915615,0.6826992503251653,3.7614182853939284,14.148267517695801,30.38882579215142,2.3288652300834656e-05,0.0,0.0,0.0,3060.0,0.0,Healthcare,2.8883879320915615,0.6826992503251653,2.3288652300834656e-05,1.0,0.0
vanilla_univariate,Crypto,D,short,30,6.650599959702402,1.0779682771320378,5.239885057850734,27.456395419487393,27.688250742146593,1.524016261100769e-05,0.0,0.0,0.0,1080.0,0.0,Finance,6.650599959702402,1.0779682771320378,1.524016261100769e-05,1.0,0.0
vanilla_univariate,US_Term_Structure,B,short,20,1.5723117180459338,0.8908342512839882,0.9380717493980566,0.8799786070187302,1.0333743744905457,7.141008973121643e-05,0.0,0.0,0.0,26800.0,0.0,Finance,1.5723117180459338,0.8908342512839882,7.141008973121643e-05,1.0,0.0
vanilla_univariate,Oil_Price,B,short,20,1.4220399114774767,0.9176410584656743,0.9826661196167252,0.9656327026425922,1.308977194348269,3.254041075706482e-05,0.0,0.0,0.0,7776.0,0.0,Finance,1.4220399114774767,0.9176410584656743,3.254041075706482e-05,1.0,0.0
vanilla_univariate,Job_Claims,W,short,13,4.146792423445997,1.5237667133771828,2.345969624815185,5.5035734805555,1.8094438105119042,1.3360753655433655e-05,0.0,0.0,0.0,104.0,0.0,Economics,4.146792423445997,1.5237667133771828,1.3360753655433655e-05,1.0,0.0
vanilla_univariate,Uncertainty_1M,M,short,6,0.41508574302996104,0.4284923211183383,0.30096071987020206,0.09057735490479024,0.4634703206443205,1.3479962944984436e-05,0.0,0.0,0.0,126.0,0.0,Economics,0.41508574302996104,0.4284923211183383,1.3479962944984436e-05,1.0,0.0
vanilla_univariate,Housing_Inventory,M,short,12,0.5280441169302251,0.7719857366516212,0.31559262893014084,0.09959870743503756,0.15831152058175027,1.304037868976593e-05,0.0,0.0,0.0,144.0,0.0,Economics,0.5280441169302251,0.7719857366516212,1.304037868976593e-05,1.0,0.0
vanilla_univariate,JOLTS,M,short,12,1.0554441681567701,0.6261554732353394,0.6334810906386756,0.401298292196766,0.8877843622848538,1.3699755072593689e-05,0.0,0.0,0.0,360.0,0.0,Economics,1.0554441681567701,0.6261554732353394,1.3699755072593689e-05,1.0,0.0
vanilla_univariate,US_Labor,M,short,12,0.946363574229049,0.5338831341525208,0.9659141913066747,0.9329902249676274,2.936809552255237,1.695007085800171e-05,0.0,0.0,0.0,840.0,0.0,Economics,0.946363574229049,0.5338831341525208,1.695007085800171e-05,1.0,0.0
vanilla_univariate,Vehicle_Supply,M,short,12,0.8110847872803042,0.7291603173969096,0.6191332332765777,0.38332596054750906,0.6181637851735725,1.3349577784538269e-05,0.0,0.0,0.0,360.0,0.0,Economics,0.8110847872803042,0.7291603173969096,1.3349577784538269e-05,1.0,0.0
vanilla_univariate,Auto_Production_SF,M,short,12,1.0324059356330573,1.0715550362300386,0.2201815228105807,0.048479902987186275,0.1698127796753019,1.2909993529319763e-05,0.0,0.0,0.0,60.0,0.0,Economics,1.0324059356330573,1.0715550362300386,1.2909993529319763e-05,1.0,0.0
vanilla_univariate,Commodity_Production,M,short,12,0.9385643093449965,0.7692591203436454,0.5687851465897595,0.32351654298113425,0.5329512558073002,1.963973045349121e-05,0.0,0.0,0.0,1920.0,0.0,Economics,0.9385643093449965,0.7692591203436454,1.963973045349121e-05,1.0,0.0
vanilla_univariate,Commodity_Import,M,short,12,1.5321493333429275,0.8355745283335996,1.7122452683210576,2.9317838588878504,4.658598925947419,1.615099608898163e-05,0.0,0.0,0.0,480.0,0.0,Economics,1.5321493333429275,0.8355745283335996,1.615099608898163e-05,1.0,0.0
vanilla_univariate,WUI_Global,Q,short,4,0.9984850154591438,0.7829686489059356,0.7443992227743562,0.5541302028670656,0.6093761678421035,1.6789883375167847e-05,0.0,0.0,0.0,300.0,0.0,Economics,0.9984850154591438,0.7829686489059356,1.6789883375167847e-05,1.0,0.0
vanilla_univariate,Global_Price,Q,short,4,1.5684767906961357,0.8430468410032113,1.8965182154211866,3.596781341424362,3.4498076767502495,3.620237112045288e-05,0.0,0.0,0.0,1200.0,0.0,Economics,1.5684767906961357,0.8430468410032113,3.620237112045288e-05,1.0,0.0
vanilla_univariate,Vehicle_Sales,M,short,12,0.772428342710334,0.5940031906328601,0.5417925529036383,0.29353917038184163,0.8704781233070326,1.5418976545333862e-05,0.0,0.0,0.0,600.0,0.0,Sales,0.772428342710334,0.5940031906328601,1.5418976545333862e-05,1.0,0.0
vanilla_univariate,Online_Retail_2_UCI,D,short,30,0.6195295273705109,0.381658147710612,0.19487140080464294,0.0379748628515638,0.7074258093720319,1.377984881401062e-05,0.0,0.0,0.0,180.0,0.0,Sales,0.6195295273705109,0.381658147710612,1.377984881401062e-05,1.0,0.0
vanilla_univariate,Supply_Chain_Customer,D,short,30,0.6131470465479132,0.4022208216512499,0.2372922619965897,0.05630761760345817,0.7613944839464535,3.2821670174598694e-05,0.0,0.0,0.0,12960.0,0.0,Sales,0.6131470465479132,0.4022208216512499,3.2821670174598694e-05,1.0,0.0
vanilla_univariate,Supply_Chain_Location,D,short,30,0.6500187666725908,0.4556912251669076,0.24486762345032992,0.05996015301421256,0.5773547972858538,4.0879473090171814e-05,0.0,0.0,0.0,18360.0,0.0,Sales,0.6500187666725908,0.4556912251669076,4.0879473090171814e-05,1.0,0.0
vanilla_univariate,azure2019_U,5T,short,48,0.7729739710685387,0.6944620724708077,1.0012581885494383,1.0025179601373027,1.2257899723905192,7.276982069015503e-05,0.0,0.0,0.0,67392.0,0.0,Cloud operations,0.7729739710685387,0.6944620724708077,7.276982069015503e-05,1.0,0.0
vanilla_univariate,Smart_Manufacturing,H,short,24,0.7166630909129093,0.7175807147285476,0.12860883402699494,0.01654023218978313,0.03817606606400739,0.0001273714005947113,0.0,0.0,0.0,40650.0,0.0,Industry,0.7166630909129093,0.7175807147285476,0.0001273714005947113,1.0,0.0
vanilla_univariate,Smart_Manufacturing,H,medium,168,0.7140192438721245,0.7098197901935094,0.05376503679546214,0.002890679181617398,0.01326920601468509,3.112107515335083e-05,0.0,0.0,0.0,40650.0,0.0,Industry,0.7140192438721245,0.7098197901935094,3.112107515335083e-05,1.0,0.0
vanilla_univariate,Smart_Manufacturing,H,long,336,0.7137246917722527,0.7121321366047616,0.040108178297483,0.0016086659663426862,0.0120211297863795,2.316012978553772e-05,0.0,0.0,0.0,40650.0,0.0,Industry,0.7137246917722527,0.7121321366047616,2.316012978553772e-05,1.0,0.0
vanilla_univariate,MetroPT-3,5T,short,48,0.6495314561459699,0.7443441751556454,0.1993031622716708,0.03972175049148794,0.07601067700804957,2.28099524974823e-05,0.0,0.0,0.0,8922.0,0.0,Transport,0.6495314561459699,0.7443441751556454,2.28099524974823e-05,1.0,0.0
vanilla_univariate,MetroPT-3,5T,medium,288,0.6855807975211551,0.8031938003808404,0.11475872335331143,0.013169564585681866,0.019695959012921885,1.562945544719696e-05,0.0,0.0,0.0,8922.0,0.0,Transport,0.6855807975211551,0.8031938003808404,1.562945544719696e-05,1.0,0.0
vanilla_univariate,MetroPT-3,5T,long,576,0.694838569336889,0.7998692663311054,0.11405846037937939,0.01300933238411446,0.022228105801810265,1.3802200555801392e-05,0.0,0.0,0.0,8922.0,0.0,Transport,0.694838569336889,0.7998692663311054,1.3802200555801392e-05,1.0,0.0
