model,tasks,relative_improvement_percent,relative_scaled_improvement_percent,mean_paired_improvement_percent,paired_percentage_tasks
vanilla_univariate,90,0.0,0.0,0.0,90
vanilla_multivariate,90,0.95849619718269,0.7765971954903694,0.5464113168952477,90
scope_selector,90,0.3408775630618033,0.36994115348154555,0.23355671188773514,90
scope_selector_per_variate,90,0.34100466922558637,0.37470826361734044,0.24069336483267847,90
scope_mix,90,0.9320462186606981,0.8931842392234435,0.7857406338920956,90
scope_mix_per_variate,90,1.013315477171839,0.9273343454595295,0.8048511972370114,90
scope_ridge,90,0.11368203788056919,0.33431110192659874,0.2027593274527316,90
top_k_1_mix,90,0.13835306878442477,0.2938205883637135,0.2875570588126026,90
top_k_5_mix,90,0.3631619068368286,0.4811169170979901,0.47179605854913986,90
top_k_10_mix,90,0.11099637150226993,0.39909709351491074,0.40579630481527373,90
top_k_15_mix,90,0.04191368720759536,0.35283649161836905,0.37088138520507796,90
top_k_20_mix,90,0.164172917303107,0.4116720469495072,0.4272473380250851,90
